Record_ID,Month,Region,Product,Channel,Units_Sold,Unit_Price,Revenue,Cost,Profit,Anomaly_Type
TXN00001,2023-01,North,Product_A,Online,513,221.34,113546.75,65838.01,47708.74,
TXN00002,2023-01,North,Product_A,Retail,236,391.94,92498.98,43968.96,48530.02,
TXN00003,2023-01,North,Product_A,Wholesale,800,365.22,292175.75,124744.7,167431.05,
TXN00004,2023-01,North,Product_A,Direct,304,239.74,72880.26,42559.51,30320.75,
TXN00005,2023-01,North,Product_B,Online,907,218.29,197989.85,102248.6,95741.25,
TXN00006,2023-01,North,Product_B,Retail,255,257.67,65705.21,29810.47,35894.74,
TXN00007,2023-01,North,Product_B,Wholesale,184,476.09,87599.93,48934.62,38665.31,
TXN00008,2023-01,North,Product_B,Direct,580,192.37,111574.85,46057.59,65517.26,
TXN00009,2023-01,North,Product_C,Online,535,141.69,75806.28,52827.2,22979.08,
TXN00010,2023-01,North,Product_C,Retail,573,283.39,162385.19,74603.65,87781.54,
TXN00011,2023-01,North,Product_C,Wholesale,152,210.89,32054.7,14897.33,17157.37,
TXN00012,2023-01,North,Product_C,Direct,264,386.38,102003.99,54318.59,47685.4,
TXN00013,2023-01,North,Product_D,Online,281,474.76,1334074.9,79789.67,53617.82,Revenue Spike
TXN00014,2023-01,North,Product_D,Retail,123,127.03,15625.21,9455.74,6169.47,
TXN00015,2023-01,North,Product_D,Wholesale,535,334.41,178907.54,79233.4,99674.14,
TXN00016,2023-01,North,Product_D,Direct,490,198.36,97198.34,54141.48,43056.86,
TXN00017,2023-01,North,Product_E,Online,906,488.22,442330.74,261917.35,180413.39,
TXN00018,2023-01,North,Product_E,Retail,658,231.83,152544.44,95971.58,56572.86,
TXN00019,2023-01,North,Product_E,Wholesale,811,264.26,214318.52,89316.24,125002.28,
TXN00020,2023-01,North,Product_E,Direct,835,319.85,267075.26,166699.4,100375.86,
TXN00021,2023-01,South,Product_A,Online,518,105.97,54889.94,23910.85,30979.09,
TXN00022,2023-01,South,Product_A,Retail,281,234.44,65878.64,44615.66,21262.98,
TXN00023,2023-01,South,Product_A,Wholesale,426,396.76,169017.72,108068.19,60949.53,
TXN00024,2023-01,South,Product_A,Direct,220,436.04,95928.74,48780.8,47147.94,
TXN00025,2023-01,South,Product_B,Online,613,179.47,0.0,63337.05,46678.93,Zero Revenue
TXN00026,2023-01,South,Product_B,Retail,321,219.64,70503.93,35324.32,35179.61,
TXN00027,2023-01,South,Product_B,Wholesale,495,236.33,116983.03,59812.6,57170.43,
TXN00028,2023-01,South,Product_B,Direct,1000,66.92,66916.63,34254.53,32662.1,
TXN00029,2023-01,South,Product_C,Online,889,249.79,222061.71,109570.94,112490.77,
TXN00030,2023-01,South,Product_C,Retail,769,373.99,287594.5,124161.63,163432.87,
TXN00031,2023-01,South,Product_C,Wholesale,421,148.37,62464.52,40151.08,22313.44,
TXN00032,2023-01,South,Product_C,Direct,355,222.6,79022.84,41995.71,37027.13,
TXN00033,2023-01,South,Product_D,Online,0,239.5,131245.52,88236.0,43009.52,Units Zero but Revenue Non-Zero
TXN00034,2023-01,South,Product_D,Retail,400,458.24,183297.02,121411.9,61885.12,
TXN00035,2023-01,South,Product_D,Wholesale,646,107.28,69300.42,46348.4,22952.02,
TXN00036,2023-01,South,Product_D,Direct,397,234.2,92977.24,55550.67,37426.57,
TXN00037,2023-01,South,Product_E,Online,389,220.53,85786.72,51772.72,34014.0,
TXN00038,2023-01,South,Product_E,Retail,733,350.05,256587.94,136508.9,120079.04,
TXN00039,2023-01,South,Product_E,Wholesale,302,205.42,62037.49,37229.84,24807.65,
TXN00040,2023-01,South,Product_E,Direct,970,136.97,132865.39,79653.26,53212.13,
TXN00041,2023-01,East,Product_A,Online,755,167.44,126419.02,66371.73,60047.29,
TXN00042,2023-01,East,Product_A,Retail,823,154.06,126788.48,83446.04,43342.44,
TXN00043,2023-01,East,Product_A,Wholesale,509,51.63,26278.76,14466.38,11812.38,
TXN00044,2023-01,East,Product_A,Direct,634,189.74,120295.58,72380.67,47914.91,
TXN00045,2023-01,East,Product_B,Online,271,280.0,75880.59,48695.43,27185.16,
TXN00046,2023-01,East,Product_B,Retail,370,386.86,143138.06,88985.73,54152.33,
TXN00047,2023-01,East,Product_B,Wholesale,643,331.69,213276.36,134440.55,78835.81,
TXN00048,2023-01,East,Product_B,Direct,720,396.02,2851353.4000000004,131186.6,153948.74,Revenue Spike
TXN00049,2023-01,East,Product_C,Online,207,412.87,854639.9,36123.19,49340.8,Revenue Spike
TXN00050,2023-01,East,Product_C,Retail,159,237.55,37770.1,19291.76,18478.34,
TXN00051,2023-01,East,Product_C,Wholesale,827,314.61,260178.43,127110.63,133067.8,
TXN00052,2023-01,East,Product_C,Direct,984,407.13,400614.64,208132.91,192481.73,
TXN00053,2023-01,East,Product_D,Online,571,198.08,113101.15,75026.99,38074.16,
TXN00054,2023-01,East,Product_D,Retail,988,432.6,427408.88,260955.44,166453.44,
TXN00055,2023-01,East,Product_D,Wholesale,832,130.48,108555.47,51569.31,56986.16,
TXN00056,2023-01,East,Product_D,Direct,686,429.96,294949.6,179897.27,115052.33,
TXN00057,2023-01,East,Product_E,Online,590,307.76,181577.75,106723.31,74854.44,
TXN00058,2023-01,East,Product_E,Retail,780,126.27,98488.06,41603.68,56884.38,
TXN00059,2023-01,East,Product_E,Wholesale,570,285.43,162694.37,70684.23,92010.14,
TXN00060,2023-01,East,Product_E,Direct,173,201.09,34788.21,21572.8,13215.41,
TXN00061,2023-01,West,Product_A,Online,645,173.91,112171.12,45272.47,66898.65,
TXN00062,2023-01,West,Product_A,Retail,367,124.69,0.0,26379.35,19382.95,Zero Revenue
TXN00063,2023-01,West,Product_A,Wholesale,137,71.49,9794.18,5420.11,4374.07,
TXN00064,2023-01,West,Product_A,Direct,399,121.33,48411.68,25741.67,22670.01,
TXN00065,2023-01,West,Product_B,Online,527,153.32,80799.68,36888.55,43911.13,
TXN00066,2023-01,West,Product_B,Retail,379,173.97,65934.98,33597.21,32337.77,
TXN00067,2023-01,West,Product_B,Wholesale,302,399.02,120502.55,54478.24,66024.31,
TXN00068,2023-01,West,Product_B,Direct,934,290.73,271540.53,169177.14,102363.39,
TXN00069,2023-01,West,Product_C,Online,228,421.28,96052.47,42749.04,53303.43,
TXN00070,2023-01,West,Product_C,Retail,877,280.73,246200.11,126491.1,119709.01,
TXN00071,2023-01,West,Product_C,Wholesale,901,372.62,335734.18,196235.02,139499.16,
TXN00072,2023-01,West,Product_C,Direct,725,122.5,88811.74,56124.8,32686.94,
TXN00073,2023-01,West,Product_D,Online,928,331.28,307425.93,140308.29,167117.64,
TXN00074,2023-01,West,Product_D,Retail,213,115.95,24698.33,14642.9,10055.43,
TXN00075,2023-01,West,Product_D,Wholesale,112,153.99,17247.15,11642.58,5604.57,
TXN00076,2023-01,West,Product_D,Direct,901,407.69,367324.34,172865.12,194459.22,
TXN00077,2023-01,West,Product_E,Online,911,321.1,292526.51,195143.16,97383.35,
TXN00078,2023-01,West,Product_E,Retail,265,443.94,117645.37,76654.56,40990.81,
TXN00079,2023-01,West,Product_E,Wholesale,482,163.85,78976.17,45552.58,33423.59,
TXN00080,2023-01,West,Product_E,Direct,120,185.29,22234.43,9953.21,12281.22,
TXN00081,2023-01,Central,Product_A,Online,392,414.36,162428.1,79381.79,83046.31,
TXN00082,2023-01,Central,Product_A,Retail,537,410.73,220561.29,90890.75,129670.54,
TXN00083,2023-01,Central,Product_A,Wholesale,799,192.8,154044.54,77077.78,76966.76,
TXN00084,2023-01,Central,Product_A,Direct,948,485.93,460665.58,236319.91,224345.67,
TXN00085,2023-01,Central,Product_B,Online,332,296.59,-98467.67,59877.15,38590.52,Negative Revenue
TXN00086,2023-01,Central,Product_B,Retail,983,472.47,464439.82,288735.14,175704.68,
TXN00087,2023-01,Central,Product_B,Wholesale,832,455.56,379024.91,177515.87,201509.04,
TXN00088,2023-01,Central,Product_B,Direct,155,145.47,22548.36,13401.43,9146.93,
TXN00089,2023-01,Central,Product_C,Online,680,92.28,62750.69,25181.58,37569.11,
TXN00090,2023-01,Central,Product_C,Retail,957,140.92,134856.85,90377.17,44479.68,
TXN00091,2023-01,Central,Product_C,Wholesale,407,77.57,31571.9,20965.25,10606.65,
TXN00092,2023-01,Central,Product_C,Direct,882,243.78,215016.59,86214.32,128802.27,
TXN00093,2023-01,Central,Product_D,Online,615,228.12,140294.7,97858.73,42435.97,
TXN00094,2023-01,Central,Product_D,Retail,269,314.7,84654.99,42530.28,42124.71,
TXN00095,2023-01,Central,Product_D,Wholesale,726,90.95,66027.75,36354.13,29673.62,
TXN00096,2023-01,Central,Product_D,Direct,686,268.09,183908.39,113037.57,70870.82,
TXN00097,2023-01,Central,Product_E,Online,726,140.75,102187.58,65419.84,36767.74,
TXN00098,2023-01,Central,Product_E,Retail,855,453.84,388029.72,175278.35,212751.37,
TXN00099,2023-01,Central,Product_E,Wholesale,271,343.16,92997.14,55954.11,37043.03,
TXN00100,2023-01,Central,Product_E,Direct,991,432.76,428860.68,181482.96,247377.72,
TXN00101,2023-02,North,Product_A,Online,332,359.19,119252.38,62762.43,56489.95,
TXN00102,2023-02,North,Product_A,Retail,174,158.73,27618.99,13732.46,13886.53,
TXN00103,2023-02,North,Product_A,Wholesale,607,135.09,819995.8999999999,52318.9,29680.69,Revenue Spike
TXN00104,2023-02,North,Product_A,Direct,139,246.54,34269.2,16948.08,17321.12,
TXN00105,2023-02,North,Product_B,Online,778,181.78,141427.97,67951.61,73476.36,
TXN00106,2023-02,North,Product_B,Retail,361,54.56,19696.66,11012.29,8684.37,
TXN00107,2023-02,North,Product_B,Wholesale,473,101.33,47931.12,24127.12,23804.0,
TXN00108,2023-02,North,Product_B,Direct,412,288.89,119020.74,178531.11000000002,-59510.37,Cost Exceeds Revenue
TXN00109,2023-02,,Product_C,Online,127,209.73,26635.35,11781.9,14853.45,Missing Region
TXN00110,2023-02,,Product_C,Retail,981,220.82,216619.71,109967.23,106652.48,
TXN00111,2023-02,,Product_C,Wholesale,484,160.23,77551.69,34590.52,42961.17,Missing Region
TXN00112,2023-02,,Product_C,Direct,129,129.17,16663.45,7775.76,8887.69,
TXN00113,2023-02,,Product_D,Online,878,473.64,415852.35,246809.65,169042.7,
TXN00114,2023-02,,Product_D,Retail,773,246.13,190259.52,115594.56,74664.96,
TXN00115,2023-02,,Product_D,Wholesale,478,273.73,130841.1,74252.94,56588.16,
TXN00116,2023-02,,Product_D,Direct,672,456.94,307062.76,147036.09,160026.67,
TXN00117,2023-02,,Product_E,Online,0,102.51,95026.56,53153.17,41873.39,Units Zero but Revenue Non-Zero
TXN00118,2023-02,,Product_E,Retail,134,148.87,19948.28,9930.63,10017.65,
TXN00119,2023-02,,Product_E,Wholesale,997,188.07,187501.81,110149.81,77352.0,
TXN00120,2023-02,,Product_E,Direct,781,250.12,195341.2,79124.37,116216.83,
TXN00121,2023-02,South,Product_A,Online,179,399.52,-71514.63,31222.21,40292.42,Negative Revenue
TXN00122,2023-02,South,Product_A,Retail,606,394.06,238797.47,160144.64,78652.83,
TXN00123,2023-02,South,Product_A,Wholesale,536,407.31,218317.39,136749.59,81567.8,
TXN00124,2023-02,South,Product_A,Direct,340,322.24,109560.83,61395.21,48165.62,
TXN00125,2023-02,South,Product_B,Online,208,462.26,96150.33,49951.33,46199.0,
TXN00126,2023-02,South,Product_B,Retail,705,466.38,328795.78,176277.7,152518.08,
TXN00127,2023-02,South,Product_B,Wholesale,709,88.3,62607.63,25415.65,37191.98,
TXN00128,2023-02,South,Product_B,Direct,749,108.37,81165.5,42450.04,38715.46,
TXN00129,2023-02,South,Product_C,Online,778,345.96,-269153.13,154391.69,114761.44,Negative Revenue
TXN00130,2023-02,South,Product_C,Retail,918,194.19,178266.86,82199.44,96067.42,
TXN00131,2023-02,South,Product_C,Wholesale,209,55.72,11646.32,6159.91,5486.41,
TXN00132,2023-02,South,Product_C,Direct,393,132.42,52041.35,22921.66,29119.69,
TXN00133,2023-02,South,Product_D,Online,393,499.24,196202.05,120016.61,76185.44,
TXN00134,2023-02,South,Product_D,Retail,962,133.13,128070.15,67312.56,60757.59,
TXN00135,2023-02,South,Product_D,Wholesale,179,171.04,30616.33,17081.34,13534.99,
TXN00136,2023-02,South,Product_D,Direct,844,121.24,102324.87,49344.94,52979.93,
TXN00137,2023-02,South,Product_E,Online,866,322.21,279030.46,117458.31,161572.15,
TXN00138,2023-02,South,Product_E,Retail,231,449.79,103901.67,60192.33,43709.34,
TXN00139,2023-02,South,Product_E,Wholesale,982,396.33,389193.88,191479.33,197714.55,
TXN00140,2023-02,South,Product_E,Direct,612,163.83,100265.0,45651.68,54613.32,
TXN00141,2023-02,East,Product_A,Online,294,198.1,58242.38,25546.59,32695.79,
TXN00142,2023-02,East,Product_A,Retail,728,209.78,152718.01,84730.06,67987.95,
TXN00143,2023-02,East,Product_A,Wholesale,545,401.61,218877.45,125170.22,93707.23,
TXN00144,2023-02,East,Product_A,Direct,904,380.13,343638.79,197322.91,146315.88,
TXN00145,2023-02,East,Product_B,Online,532,89.79,47768.5,25669.34,22099.16,
TXN00146,2023-02,East,Product_B,Retail,299,441.21,131922.66,56255.13,75667.53,
TXN00147,2023-02,East,Product_B,Wholesale,296,101.54,30055.71,18617.07,11438.64,
TXN00148,2023-02,East,Product_B,Direct,277,421.79,116837.08,70450.73,46386.35,
TXN00149,2023-02,East,Product_C,Online,731,100.2,73247.49,29851.47,43396.02,
TXN00150,2023-02,East,Product_C,Retail,404,232.03,93741.31,51668.39,42072.92,
TXN00151,2023-02,East,Product_C,Wholesale,356,265.78,94619.26,55348.79,39270.47,
TXN00152,2023-02,East,Product_C,Direct,233,69.36,16160.29,8040.17,8120.12,
TXN00153,2023-02,East,Product_D,Online,789,461.27,363941.83,238471.52,125470.31,
TXN00154,2023-02,East,Product_D,Retail,743,285.41,212055.96,111837.62,100218.34,
TXN00155,2023-02,East,Product_D,Wholesale,267,321.68,85888.92,48717.48,37171.44,
TXN00156,2023-02,East,Product_D,Direct,965,409.46,-395127.96,194414.33,200713.63,Negative Revenue
TXN00157,2023-02,East,Product_E,Online,707,204.82,0.0,63496.71,81309.71,Zero Revenue
TXN00158,2023-02,East,Product_E,Retail,646,193.8,125197.27,75379.23,49818.04,
TXN00159,2023-02,East,Product_E,Wholesale,471,127.84,60214.81,30027.4,30187.41,
TXN00160,2023-02,East,Product_E,Direct,805,95.23,766632.6,43296.29,33366.97,Revenue Spike
TXN00161,2023-02,West,Product_A,Online,451,240.64,0.0,64108.3,44418.57,Zero Revenue
TXN00162,2023-02,West,Product_A,Retail,743,91.61,68068.39,35211.93,32856.46,
TXN00163,2023-02,West,Product_A,Wholesale,657,220.76,145039.06,83779.67,61259.39,
TXN00164,2023-02,West,Product_A,Direct,486,166.53,80935.5,54675.63,26259.87,
TXN00165,2023-02,West,Product_B,Online,460,110.58,50865.09,24339.97,26525.12,
TXN00166,2023-02,West,Product_B,Retail,104,215.48,22409.62,11070.89,11338.73,
TXN00167,2023-02,West,Product_B,Wholesale,227,321.99,73091.08,50652.5,22438.58,
TXN00168,2023-02,West,Product_B,Direct,382,233.52,89205.19,39132.55,50072.64,
TXN00169,2023-02,West,Product_C,Online,961,108.34,104115.54,71946.18,32169.36,
TXN00170,2023-02,West,Product_C,Retail,886,435.73,386060.37,157559.48,228500.89,
TXN00171,2023-02,West,Product_C,Wholesale,368,114.09,41984.09,21974.09,20010.0,
TXN00172,2023-02,West,Product_C,Direct,371,186.49,69187.01,43089.23,26097.78,
TXN00173,2023-02,West,Product_D,Online,453,63.22,28639.95,15682.9,12957.05,
TXN00174,2023-02,West,Product_D,Retail,167,274.9,45909.03,22516.38,23392.65,
TXN00175,2023-02,West,Product_D,Wholesale,0,107.09,14778.34,9507.86,5270.48,Units Zero but Revenue Non-Zero
TXN00176,2023-02,West,Product_D,Direct,463,302.68,140143.02,61479.18,78663.84,
TXN00177,2023-02,West,Product_E,Online,463,399.1,0.0,103604.62,81179.01,Zero Revenue
TXN00178,2023-02,West,Product_E,Retail,115,422.69,48609.9,30006.61,18603.29,
TXN00179,2023-02,West,Product_E,Wholesale,561,141.14,79179.35,44134.42,35044.93,
TXN00180,2023-02,West,Product_E,Direct,750,373.21,0.0,130151.86,149751.94,Zero Revenue
TXN00181,2023-02,Central,Product_A,Online,325,120.05,39015.73,23101.03,15914.7,
TXN00182,2023-02,Central,Product_A,Retail,228,486.64,110953.73,74896.99,36056.74,
TXN00183,2023-02,Central,Product_A,Wholesale,395,425.45,168051.8,68271.36,99780.44,
TXN00184,2023-02,Central,Product_A,Direct,935,64.68,604753.7999999999,25215.88,35259.5,Revenue Spike
TXN00185,2023-02,Central,Product_B,Online,355,306.31,108740.17,71174.49,37565.68,
TXN00186,2023-02,Central,Product_B,Retail,610,393.93,240295.72,116608.4,123687.32,
TXN00187,2023-02,Central,Product_B,Wholesale,253,361.12,91364.16,37420.22,53943.94,
TXN00188,2023-02,Central,Product_B,Direct,943,217.8,205388.03,133998.18,71389.85,
TXN00189,2023-02,Central,Product_C,Online,792,168.77,133669.11,74016.96,59652.15,
TXN00190,2023-02,Central,Product_C,Retail,181,225.12,40746.99,21340.72,19406.27,
TXN00191,2023-02,Central,Product_C,Wholesale,720,186.49,134276.17,53714.94,80561.23,
TXN00192,2023-02,Central,Product_C,Direct,131,366.06,47954.11,22516.23,25437.88,
TXN00193,2023-02,Central,Product_D,Online,998,479.64,478681.39,312270.45,166410.94,
TXN00194,2023-02,Central,Product_D,Retail,982,150.07,147373.04,70258.89,77114.15,
TXN00195,2023-02,Central,Product_D,Wholesale,510,122.61,62529.87,29985.68,32544.19,
TXN00196,2023-02,Central,Product_D,Direct,106,120.09,12729.81,6862.61,5867.2,
TXN00197,2023-02,Central,Product_E,Online,959,266.6,255672.3,126699.7,128972.6,
TXN00198,2023-02,Central,Product_E,Retail,435,305.06,0.0,80577.88,52121.25,Zero Revenue
TXN00199,2023-02,Central,Product_E,Wholesale,508,299.63,152213.66,87711.49,64502.17,
TXN00200,2023-02,Central,Product_E,Direct,578,145.4,84040.23,36583.94,47456.29,
TXN00201,2023-03,North,Product_A,Online,438,397.92,174287.56,97529.75,76757.81,
TXN00202,2023-03,North,Product_A,Retail,320,366.82,117381.65,50104.13,67277.52,
TXN00203,2023-03,North,Product_A,Wholesale,877,161.32,141473.26,98542.34,42930.92,
TXN00204,2023-03,North,Product_A,Direct,350,370.5,129676.37,89191.12,40485.25,
TXN00205,2023-03,North,Product_B,Online,182,133.05,24214.58,14950.73,9263.85,
TXN00206,2023-03,North,Product_B,Retail,582,220.89,128558.4,79542.33,49016.07,
TXN00207,2023-03,North,Product_B,Wholesale,447,277.54,124060.74,85208.28,38852.46,
TXN00208,2023-03,North,Product_B,Direct,752,242.9,182657.57,120857.5,61800.07,
TXN00209,2023-03,North,Product_C,Online,383,381.52,146123.39,65841.76,80281.63,
TXN00210,2023-03,North,Product_C,Retail,592,305.92,181104.35,109990.17,71114.18,
TXN00211,2023-03,North,Product_C,Wholesale,595,496.15,295207.31,159182.96,136024.35,
TXN00212,2023-03,North,Product_C,Direct,631,269.24,169887.56,98320.08,71567.48,
TXN00213,2023-03,North,Product_D,Online,729,258.79,1886607.6,81018.05,107642.71,Revenue Spike
TXN00214,2023-03,North,Product_D,Retail,791,254.53,201335.76,87861.2,113474.56,
TXN00215,2023-03,North,Product_D,Wholesale,490,246.19,120631.36,82509.08,38122.28,
TXN00216,2023-03,North,Product_D,Direct,846,137.9,116660.41,77387.34,39273.07,
TXN00217,2023-03,North,Product_E,Online,660,243.34,160605.53,90308.26,70297.27,
TXN00218,2023-03,North,Product_E,Retail,988,50.15,49546.76,21696.51,27850.25,
TXN00219,2023-03,North,Product_E,Wholesale,237,479.6,113665.24,71770.45,41894.79,
TXN00220,2023-03,North,Product_E,Direct,454,367.37,0.0,69724.54,97060.31,Zero Revenue
TXN00221,2023-03,South,Product_A,Online,305,67.54,20599.74,9597.74,11002.0,
TXN00222,2023-03,South,Product_A,Retail,311,146.01,45410.14,28427.02,16983.12,
TXN00223,2023-03,South,Product_A,Wholesale,370,264.32,97798.71,63432.26,34366.45,
TXN00224,2023-03,South,Product_A,Direct,445,159.75,71088.58,28806.33,42282.25,
TXN00225,2023-03,South,Product_B,Online,271,311.77,84490.9,34838.59,49652.31,
TXN00226,2023-03,South,Product_B,Retail,318,409.29,130154.54,67677.81,62476.73,
TXN00227,2023-03,South,Product_B,Wholesale,890,416.73,370886.22,189388.66,181497.56,
TXN00228,2023-03,South,Product_B,Direct,792,261.87,207403.96,123649.72,83754.24,
TXN00229,2023-03,South,Product_C,Online,591,341.75,2019736.9,81672.05,120301.64,Revenue Spike
TXN00230,2023-03,South,Product_C,Retail,648,322.18,208774.65,104302.1,104472.55,
TXN00231,2023-03,South,Product_C,Wholesale,128,478.41,61236.41,37569.78,23666.63,
TXN00232,2023-03,South,Product_C,Direct,806,460.87,371462.1,227119.65,144342.45,
TXN00233,2023-03,South,Product_D,Online,467,214.42,100135.36,50240.63,49894.73,
TXN00234,2023-03,South,Product_D,Retail,427,462.98,197692.64,132098.0,65594.64,
TXN00235,2023-03,South,Product_D,Wholesale,371,225.55,83679.14,48610.38,35068.76,
TXN00236,2023-03,,Product_D,Direct,416,425.83,177145.41,121949.19,55196.22,Missing Region
TXN00237,2023-03,,Product_E,Online,784,266.81,209178.96,133184.75,75994.21,
TXN00238,2023-03,,Product_E,Retail,214,204.83,43833.39,28869.53,14963.86,
TXN00239,2023-03,,Product_E,Wholesale,978,160.52,156986.94,102249.36,54737.58,
TXN00240,2023-03,,Product_E,Direct,922,302.99,279359.26,125813.63,153545.63,
TXN00241,2023-03,East,Product_A,Online,990,203.52,201486.66,92119.78,109366.88,
TXN00242,2023-03,East,Product_A,Retail,852,406.99,346756.88,156332.13,190424.75,
TXN00243,2023-03,East,Product_A,Wholesale,0,444.05,400532.98,162964.77,237568.21,Units Zero but Revenue Non-Zero
TXN00244,2023-03,East,Product_A,Direct,133,187.34,24916.23,12609.16,12307.07,
TXN00245,2023-03,East,Product_B,Online,240,179.42,43061.71,21797.05,21264.66,
TXN00246,2023-03,East,Product_B,Retail,422,466.6,196905.88,82448.16,114457.72,
TXN00247,2023-03,East,Product_B,Wholesale,215,421.19,90556.02,38502.13,52053.89,
TXN00248,2023-03,East,Product_B,Direct,101,336.69,34005.94,20599.05,13406.89,
TXN00249,2023-03,East,Product_C,Online,493,211.93,104479.94,73022.32,31457.62,
TXN00250,2023-03,East,Product_C,Retail,995,399.49,397491.72,184595.84,212895.88,
TXN00251,2023-03,East,Product_C,Wholesale,621,254.14,157821.29,82840.31,74980.98,
TXN00252,2023-03,East,Product_C,Direct,301,250.84,75503.5,35336.8,40166.7,
TXN00253,2023-03,East,Product_D,Online,631,66.84,42175.73,19636.8,22538.93,
TXN00254,2023-03,East,Product_D,Retail,578,403.21,233053.77,107570.06,125483.71,
TXN00255,2023-03,East,Product_D,Wholesale,834,67.14,55996.73,22924.66,33072.07,
TXN00256,2023-03,East,Product_D,Direct,982,431.78,424008.2,171481.56,252526.64,
TXN00257,2023-03,East,Product_E,Online,0,161.97,18788.39,8210.53,10577.86,Units Zero but Revenue Non-Zero
TXN00258,2023-03,East,Product_E,Retail,119,375.47,44680.5,30211.19,14469.31,
TXN00259,2023-03,East,Product_E,Wholesale,937,217.15,203465.34,104255.51,99209.83,
TXN00260,2023-03,East,Product_E,Direct,713,71.11,50700.09,23013.25,27686.84,
TXN00261,2023-03,West,Product_A,Online,574,194.29,111522.55,47158.26,64364.29,
TXN00262,2023-03,West,Product_A,Retail,418,346.72,0.0,71329.85,73597.14,Zero Revenue
TXN00263,2023-03,West,Product_A,Wholesale,321,352.25,113072.46,46739.78,66332.68,
TXN00264,2023-03,West,Product_A,Direct,866,343.33,297322.17,173537.47,123784.7,
TXN00265,2023-03,West,Product_B,Online,980,299.13,293143.48,182779.93,110363.55,
TXN00266,2023-03,West,Product_B,Retail,267,266.22,71079.66,30973.31,40106.35,
TXN00267,2023-03,West,Product_B,Wholesale,306,108.67,33251.97,19547.84,13704.13,
TXN00268,2023-03,West,Product_B,Direct,702,459.41,322505.17,211799.13,110706.04,
TXN00269,2023-03,West,Product_C,Online,347,143.99,49965.46,27744.16,22221.3,
TXN00270,2023-03,West,Product_C,Retail,118,354.63,41846.5,22270.89,19575.61,
TXN00271,2023-03,West,Product_C,Wholesale,734,171.9,126172.22,72323.0,53849.22,
TXN00272,2023-03,West,Product_C,Direct,551,108.46,59760.98,37718.5,22042.48,
TXN00273,2023-03,West,Product_D,Online,650,204.92,133199.31,92378.29,40821.02,
TXN00274,2023-03,West,Product_D,Retail,350,406.81,142382.66,82918.98,59463.68,
TXN00275,2023-03,West,Product_D,Wholesale,0,80.76,19219.72,12892.93,6326.79,Units Zero but Revenue Non-Zero
TXN00276,2023-03,West,Product_D,Direct,716,155.98,111679.36,73976.36,37703.0,
TXN00277,2023-03,West,Product_E,Online,699,238.64,166806.57,99725.6,67080.97,
TXN00278,2023-03,West,Product_E,Retail,388,223.32,86648.28,52103.67,34544.61,
TXN00279,2023-03,West,Product_E,Wholesale,712,73.51,52341.27,30362.88,21978.39,
TXN00280,2023-03,West,Product_E,Direct,864,163.43,141202.18,62101.58,79100.6,
TXN00281,2023-03,Central,Product_A,Online,899,267.05,240079.95,136997.48,103082.47,
TXN00282,2023-03,Central,Product_A,Retail,272,204.52,55628.67,33489.66,22139.01,
TXN00283,2023-03,Central,Product_A,Wholesale,384,175.12,67247.04,39228.58,28018.46,
TXN00284,2023-03,Central,Product_A,Direct,849,412.91,350557.61,213654.31,136903.3,
TXN00285,2023-03,Central,Product_B,Online,384,341.61,131178.8,70548.69,60630.11,
TXN00286,2023-03,Central,Product_B,Retail,277,146.77,40655.63,23853.97,16801.66,
TXN00287,2023-03,Central,Product_B,Wholesale,634,256.67,162731.55,65952.01,96779.54,
TXN00288,2023-03,Central,Product_B,Direct,889,471.49,419156.25,262391.89,156764.36,
TXN00289,2023-03,Central,Product_C,Online,378,302.67,114410.51,50536.27,63874.24,
TXN00290,2023-03,Central,Product_C,Retail,966,307.84,297373.31,135158.09,162215.22,
TXN00291,2023-03,Central,Product_C,Wholesale,259,422.43,109410.18,69826.03,39584.15,
TXN00292,2023-03,Central,Product_C,Direct,207,322.72,66803.04,35416.56,31386.48,
TXN00293,2023-03,Central,Product_D,Online,508,399.58,202984.85,134617.41,68367.44,
TXN00294,2023-03,Central,Product_D,Retail,103,325.57,33534.08,17991.17,15542.91,
TXN00295,2023-03,Central,Product_D,Wholesale,710,215.91,153297.84,77174.05,76123.79,
TXN00296,2023-03,Central,Product_D,Direct,793,61.15,48489.9,33239.58,15250.32,
TXN00297,2023-03,Central,Product_E,Online,864,159.81,138078.78,67014.07,71064.71,
TXN00298,2023-03,Central,Product_E,Retail,916,152.96,0.0,76100.25,64014.03,Zero Revenue
TXN00299,2023-03,Central,Product_E,Wholesale,323,222.26,71788.96,43125.31,28663.65,
TXN00300,2023-03,Central,Product_E,Direct,972,374.18,363703.1,164735.34,198967.76,
TXN00301,2023-04,North,Product_A,Online,185,221.7,41013.93,22962.04,18051.89,
TXN00302,2023-04,North,Product_A,Retail,250,144.18,36045.41,19040.55,17004.86,
TXN00303,2023-04,North,Product_A,Wholesale,208,87.54,18207.28,7657.08,10550.2,
TXN00304,2023-04,North,Product_A,Direct,599,114.91,68830.9,44614.08,24216.82,
TXN00305,2023-04,North,Product_B,Online,170,229.73,39054.03,21627.2,17426.83,
TXN00306,2023-04,North,Product_B,Retail,984,302.04,297207.98,184114.59,113093.39,
TXN00307,2023-04,North,Product_B,Wholesale,703,321.84,226253.33,140208.89,86044.44,
TXN00308,2023-04,North,Product_B,Direct,861,153.8,132426.0,69181.15,63244.85,
TXN00309,2023-04,North,Product_C,Online,482,362.46,174707.77,88261.41,86446.36,
TXN00310,2023-04,North,Product_C,Retail,147,146.21,21492.48,11948.75,9543.73,
TXN00311,2023-04,North,Product_C,Wholesale,552,355.1,196013.69,294020.53500000003,-98006.85,Cost Exceeds Revenue
TXN00312,2023-04,North,Product_C,Direct,323,471.21,152202.13,81047.05,71155.08,
TXN00313,2023-04,,Product_D,Online,520,265.95,138291.67,63097.49,75194.18,Missing Region
TXN00314,2023-04,,Product_D,Retail,645,341.64,220359.87,99474.98,120884.89,
TXN00315,2023-04,,Product_D,Wholesale,420,222.31,93372.0,60857.76,32514.24,
TXN00316,2023-04,,Product_D,Direct,465,363.57,169059.16,97286.97,71772.19,
TXN00317,2023-04,,Product_E,Online,590,64.36,37974.82,17444.75,20530.07,
TXN00318,2023-04,,Product_E,Retail,926,445.06,412122.68,181435.33,230687.35,
TXN00319,2023-04,,Product_E,Wholesale,649,194.47,126210.05,60690.61,65519.44,
TXN00320,2023-04,,Product_E,Direct,583,183.08,106738.42,54522.41,52216.01,
TXN00321,2023-04,South,Product_A,Online,905,354.17,320526.76,143334.71,177192.05,
TXN00322,2023-04,South,Product_A,Retail,175,420.7,73621.9,50824.16,22797.74,
TXN00323,2023-04,South,Product_A,Wholesale,635,458.27,291002.07,181298.52,109703.55,
TXN00324,2023-04,South,Product_A,Direct,396,258.43,102338.32,67120.1,35218.22,
TXN00325,2023-04,South,Product_B,Online,583,133.76,77981.65,51334.87,26646.78,
TXN00326,2023-04,South,Product_B,Retail,485,197.85,95956.45,43944.32,52012.13,
TXN00327,2023-04,South,Product_B,Wholesale,590,306.18,180648.98,104254.75,76394.23,
TXN00328,2023-04,South,Product_B,Direct,306,319.06,97633.27,41609.79,56023.48,
TXN00329,2023-04,South,Product_C,Online,321,123.62,39680.73,25153.06,14527.67,
TXN00330,2023-04,South,Product_C,Retail,584,275.04,160622.03,86021.19,74600.84,
TXN00331,2023-04,South,Product_C,Wholesale,854,499.47,426547.0,639820.5,-213273.5,Cost Exceeds Revenue
TXN00332,2023-04,South,Product_C,Direct,641,119.46,76571.1,35891.99,40679.11,
TXN00333,2023-04,South,Product_D,Online,838,111.38,93338.66,41334.73,52003.93,
TXN00334,2023-04,South,Product_D,Retail,455,261.13,118815.88,54608.99,64206.89,
TXN00335,2023-04,South,Product_D,Wholesale,980,434.82,426127.99,182757.64,243370.35,
TXN00336,2023-04,South,Product_D,Direct,752,468.32,352179.06,226483.37,125695.69,
TXN00337,2023-04,South,Product_E,Online,332,340.58,-113072.29,49569.14,63503.15,Negative Revenue
TXN00338,2023-04,South,Product_E,Retail,913,360.13,-328799.94,174108.72,154691.22,Negative Revenue
TXN00339,2023-04,South,Product_E,Wholesale,633,245.75,155560.68,101627.67,53933.01,
TXN00340,2023-04,South,Product_E,Direct,836,450.79,376858.96,192707.02,184151.94,
TXN00341,2023-04,East,Product_A,Online,838,80.26,67256.16,38559.06,28697.1,
TXN00342,2023-04,East,Product_A,Retail,244,393.05,95905.28,61652.38,34252.9,
TXN00343,2023-04,East,Product_A,Wholesale,510,66.49,33911.22,20560.97,13350.25,
TXN00344,2023-04,East,Product_A,Direct,363,116.7,42361.0,17934.34,24426.66,
TXN00345,2023-04,East,Product_B,Online,393,93.71,36826.64,15660.56,21166.08,
TXN00346,2023-04,East,Product_B,Retail,634,97.53,61832.67,34095.18,27737.49,
TXN00347,2023-04,East,Product_B,Wholesale,573,150.31,86125.85,53640.32,32485.53,
TXN00348,2023-04,East,Product_B,Direct,469,359.12,168426.95,83833.22,84593.73,
TXN00349,2023-04,East,Product_C,Online,961,243.45,233955.48,108542.65,125412.83,
TXN00350,2023-04,East,Product_C,Retail,703,393.48,276618.74,168072.69,108546.05,
TXN00351,2023-04,East,Product_C,Wholesale,827,294.03,243161.67,116916.8,126244.87,
TXN00352,2023-04,East,Product_C,Direct,596,438.25,-261195.36,113968.78,147226.58,Negative Revenue
TXN00353,2023-04,East,Product_D,Online,720,67.9,48890.93,32405.99,16484.94,
TXN00354,2023-04,East,Product_D,Retail,558,286.46,159847.34,106537.14,53310.2,
TXN00355,2023-04,East,Product_D,Wholesale,943,222.65,209958.18,112054.46,97903.72,
TXN00356,2023-04,East,Product_D,Direct,718,201.56,144718.14,93320.19,51397.95,
TXN00357,2023-04,East,Product_E,Online,225,50.39,11337.78,6538.16,4799.62,
TXN00358,2023-04,East,Product_E,Retail,359,448.06,160853.73,78821.38,82032.35,
TXN00359,2023-04,East,Product_E,Wholesale,232,311.56,72282.6,30443.08,41839.52,
TXN00360,2023-04,East,Product_E,Direct,685,202.68,138837.09,90735.51,48101.58,
TXN00361,2023-04,West,Product_A,Online,829,243.46,0.0,91148.3,110678.53,Zero Revenue
TXN00362,2023-04,West,Product_A,Retail,147,376.7,553748.1,22202.78,33172.03,Revenue Spike
TXN00363,2023-04,West,Product_A,Wholesale,541,251.38,135994.36,83371.38,52622.98,
TXN00364,2023-04,West,Product_A,Direct,329,400.15,131647.98,62450.19,69197.79,
TXN00365,2023-04,West,Product_B,Online,380,454.19,172590.57,81141.34,91449.23,
TXN00366,2023-04,West,Product_B,Retail,444,477.22,211884.53,84866.15,127018.38,
TXN00367,2023-04,West,Product_B,Wholesale,723,355.29,256874.72,106455.81,150418.91,
TXN00368,2023-04,West,Product_B,Direct,507,132.02,66932.56,37625.35,29307.21,
TXN00369,2023-04,West,Product_C,Online,941,317.9,299145.47,199752.68,99392.79,
TXN00370,2023-04,West,Product_C,Retail,694,233.48,162035.03,77251.77,84783.26,
TXN00371,2023-04,West,Product_C,Wholesale,415,222.33,92266.63,58299.53,33967.1,
TXN00372,2023-04,West,Product_C,Direct,602,433.77,261127.44,166186.66,94940.78,
TXN00373,2023-04,West,Product_D,Online,325,379.01,123176.92,75081.0,48095.92,
TXN00374,2023-04,West,Product_D,Retail,481,147.07,70741.56,43792.11,26949.45,
TXN00375,2023-04,West,Product_D,Wholesale,988,348.65,344470.23,165107.92,179362.31,
TXN00376,2023-04,West,Product_D,Direct,407,434.2,176720.43,89673.72,87046.71,
TXN00377,2023-04,West,Product_E,Online,394,93.48,36832.25,15286.35,21545.9,
TXN00378,2023-04,West,Product_E,Retail,789,313.13,247056.62,155583.5,91473.12,
TXN00379,2023-04,West,Product_E,Wholesale,974,105.1,102363.46,46353.77,56009.69,
TXN00380,2023-04,West,Product_E,Direct,572,317.33,1815127.6,85213.36,96299.4,Revenue Spike
TXN00381,2023-04,Central,Product_A,Online,605,312.66,189159.84,114514.05,74645.79,
TXN00382,2023-04,Central,Product_A,Retail,135,98.2,13256.48,6559.4,6697.08,
TXN00383,2023-04,Central,Product_A,Wholesale,707,188.31,133132.82,80642.64,52490.18,
TXN00384,2023-04,Central,Product_A,Direct,439,311.7,136835.45,70884.98,65950.47,
TXN00385,2023-04,Central,Product_B,Online,571,127.58,72849.8,48581.94,24267.86,
TXN00386,2023-04,Central,Product_B,Retail,773,332.92,257345.76,114181.36,143164.4,
TXN00387,2023-04,Central,Product_B,Wholesale,619,147.06,91030.8,63668.83,27361.97,
TXN00388,2023-04,Central,Product_B,Direct,289,422.23,1220250.6,76812.63,45212.43,Revenue Spike
TXN00389,2023-04,Central,Product_C,Online,446,169.41,75557.67,31691.29,43866.38,
TXN00390,2023-04,Central,Product_C,Retail,751,182.22,136844.96,92213.12,44631.84,
TXN00391,2023-04,Central,Product_C,Wholesale,740,135.19,100038.91,48685.81,51353.1,
TXN00392,2023-04,Central,Product_C,Direct,644,88.92,57261.79,29833.51,27428.28,
TXN00393,2023-04,Central,Product_D,Online,731,50.72,37076.23,24245.67,12830.56,
TXN00394,2023-04,Central,Product_D,Retail,951,209.6,199333.63,90777.17,108556.46,
TXN00395,2023-04,Central,Product_D,Wholesale,577,206.74,119289.35,62000.31,57289.04,
TXN00396,2023-04,Central,Product_D,Direct,492,194.33,95609.17,55725.07,39884.1,
TXN00397,2023-04,Central,Product_E,Online,547,134.71,73684.81,40145.52,33539.29,
TXN00398,2023-04,Central,Product_E,Retail,223,312.62,69714.84,48570.7,21144.14,
TXN00399,2023-04,Central,Product_E,Wholesale,401,126.18,50598.32,33878.23,16720.09,
TXN00400,2023-04,Central,Product_E,Direct,220,56.44,0.0,8401.84,4014.12,Zero Revenue
TXN00401,2023-05,North,Product_A,Online,168,310.85,52222.97,21707.31,30515.66,
TXN00402,2023-05,North,Product_A,Retail,416,318.12,132339.48,79066.41,53273.07,
TXN00403,2023-05,North,Product_A,Wholesale,747,115.39,86197.68,54879.19,31318.49,
TXN00404,2023-05,North,Product_A,Direct,318,426.32,135570.62,81484.45,54086.17,
TXN00405,2023-05,,Product_B,Online,100,444.68,44468.03,18294.21,26173.82,Missing Region
TXN00406,2023-05,,Product_B,Retail,0,128.68,64728.04,33634.65,31093.39,Units Zero but Revenue Non-Zero
TXN00407,2023-05,,Product_B,Wholesale,323,361.35,116715.03,54603.85,62111.18,
TXN00408,2023-05,,Product_B,Direct,623,386.44,240752.07,159297.7,81454.37,
TXN00409,2023-05,,Product_C,Online,361,369.69,133459.53,55815.71,77643.82,
TXN00410,2023-05,,Product_C,Retail,241,211.27,50916.79,29611.79,21305.0,
TXN00411,2023-05,,Product_C,Wholesale,557,263.63,146842.41,88577.95,58264.46,
TXN00412,2023-05,,Product_C,Direct,199,100.26,19952.26,10330.4,9621.86,
TXN00413,2023-05,,Product_D,Online,863,84.52,72938.81,46146.13,26792.68,
TXN00414,2023-05,,Product_D,Retail,570,226.28,128977.9,89686.06,39291.84,
TXN00415,2023-05,,Product_D,Wholesale,433,62.22,26941.14,13218.44,13722.7,
TXN00416,2023-05,,Product_D,Direct,498,401.67,200031.03,83444.55,116586.48,
TXN00417,2023-05,,Product_E,Online,940,298.64,280722.99,121965.63,158757.36,
TXN00418,2023-05,,Product_E,Retail,421,336.11,141503.67,81716.38,59787.29,
TXN00419,2023-05,,Product_E,Wholesale,256,218.63,55969.53,27190.05,28779.48,
TXN00420,2023-05,,Product_E,Direct,172,95.47,16420.71,9975.94,6444.77,
TXN00421,2023-05,South,Product_A,Online,380,476.27,180982.31,109460.11,71522.2,
TXN00422,2023-05,South,Product_A,Retail,386,268.11,103488.92,63841.47,39647.45,
TXN00423,2023-05,South,Product_A,Wholesale,231,301.45,69633.94,36505.0,33128.94,
TXN00424,2023-05,South,Product_A,Direct,127,227.23,28858.57,17405.55,11453.02,
TXN00425,2023-05,South,Product_B,Online,485,227.59,110383.51,50408.93,59974.58,
TXN00426,2023-05,South,Product_B,Retail,544,287.34,156313.06,86815.35,69497.71,
TXN00427,2023-05,South,Product_B,Wholesale,349,207.56,72438.27,47198.85,25239.42,
TXN00428,2023-05,South,Product_B,Direct,333,385.33,128313.28,77357.6,50955.68,
TXN00429,2023-05,South,Product_C,Online,719,324.57,233364.82,158054.82,75310.0,
TXN00430,2023-05,South,Product_C,Retail,529,58.55,30972.59,19807.18,11165.41,
TXN00431,2023-05,South,Product_C,Wholesale,313,366.12,114596.65,47241.79,67354.86,
TXN00432,2023-05,South,Product_C,Direct,135,278.36,37578.48,15119.93,22458.55,
TXN00433,2023-05,South,Product_D,Online,846,142.84,120840.27,63131.46,57708.81,
TXN00434,2023-05,South,Product_D,Retail,156,397.76,62050.01,38627.47,23422.54,
TXN00435,2023-05,South,Product_D,Wholesale,827,467.16,386344.54,210787.23,175557.31,
TXN00436,2023-05,South,Product_D,Direct,542,214.29,116143.84,60986.81,55157.03,
TXN00437,2023-05,South,Product_E,Online,805,117.9,94906.53,63753.49,31153.04,
TXN00438,2023-05,South,Product_E,Retail,910,60.18,54763.64,26575.36,28188.28,
TXN00439,2023-05,South,Product_E,Wholesale,849,444.41,377305.84,249552.71,127753.13,
TXN00440,2023-05,South,Product_E,Direct,347,349.65,121329.26,82362.42,38966.84,
TXN00441,2023-05,East,Product_A,Online,663,419.54,278156.49,184228.4,93928.09,
TXN00442,2023-05,East,Product_A,Retail,352,383.44,134971.44,57326.55,77644.89,
TXN00443,2023-05,East,Product_A,Wholesale,643,259.16,166640.62,72171.98,94468.64,
TXN00444,2023-05,,Product_A,Direct,649,417.5,270956.9,184851.38,86105.52,Missing Region
TXN00445,2023-05,,Product_B,Online,484,142.67,69050.43,35326.09,33724.34,
TXN00446,2023-05,,Product_B,Retail,189,436.31,824620.7000000001,41114.62,41347.45,Revenue Spike
TXN00447,2023-05,,Product_B,Wholesale,557,251.11,139869.72,65686.81,74182.91,
TXN00448,2023-05,,Product_B,Direct,978,162.48,158902.95,83544.57,75358.38,
TXN00449,2023-05,,Product_C,Online,0,290.88,279826.96,123071.05,156755.91,Units Zero but Revenue Non-Zero
TXN00450,2023-05,,Product_C,Retail,785,319.49,250801.43,124660.0,126141.43,
TXN00451,2023-05,,Product_C,Wholesale,876,339.85,297706.1,196157.81,101548.29,
TXN00452,2023-05,,Product_C,Direct,451,84.34,38036.52,21120.51,16916.01,
TXN00453,2023-05,,Product_D,Online,142,170.83,24257.68,14068.02,10189.66,
TXN00454,2023-05,,Product_D,Retail,268,240.4,64426.86,41407.61,23019.25,
TXN00455,2023-05,,Product_D,Wholesale,295,185.8,54810.42,32529.89,22280.53,
TXN00456,2023-05,,Product_D,Direct,883,83.23,73493.39,47242.54,26250.85,
TXN00457,2023-05,,Product_E,Online,554,410.68,227518.42,150345.5,77172.92,
TXN00458,2023-05,,Product_E,Retail,933,378.64,353267.28,242772.49,110494.79,
TXN00459,2023-05,,Product_E,Wholesale,117,338.54,39609.66,24395.67,15213.99,
TXN00460,2023-05,,Product_E,Direct,125,186.08,23259.41,15248.21,8011.2,
TXN00461,2023-05,West,Product_A,Online,143,392.41,56114.61,30181.44,25933.17,
TXN00462,2023-05,West,Product_A,Retail,439,56.61,24850.36,15923.7,8926.66,
TXN00463,2023-05,West,Product_A,Wholesale,734,456.06,334750.1,173206.34,161543.76,
TXN00464,2023-05,West,Product_A,Direct,523,334.48,174934.33,73320.86,101613.47,
TXN00465,2023-05,West,Product_B,Online,548,424.62,232692.21,130657.27,102034.94,
TXN00466,2023-05,West,Product_B,Retail,580,133.73,775640.3,31865.31,45698.72,Revenue Spike
TXN00467,2023-05,West,Product_B,Wholesale,778,386.02,300320.18,149338.23,150981.95,
TXN00468,2023-05,,Product_B,Direct,345,231.65,79920.39,51118.51,28801.88,Missing Region
TXN00469,2023-05,,Product_C,Online,370,79.98,29592.42,19287.31,10305.11,
TXN00470,2023-05,,Product_C,Retail,962,170.79,164301.36,96496.34,67805.02,
TXN00471,2023-05,,Product_C,Wholesale,558,311.51,173825.0,113411.31,60413.69,
TXN00472,2023-05,,Product_C,Direct,504,294.14,148246.04,98128.08,50117.96,
TXN00473,2023-05,,Product_D,Online,777,72.3,56177.69,28310.16,27867.53,
TXN00474,2023-05,,Product_D,Retail,355,74.23,26352.13,10609.44,15742.69,
TXN00475,2023-05,,Product_D,Wholesale,803,482.27,387262.37,229534.28,157728.09,
TXN00476,2023-05,,Product_D,Direct,153,93.49,14303.4,7070.22,7233.18,
TXN00477,2023-05,,Product_E,Online,272,450.47,122528.89,80290.57,42238.32,
TXN00478,2023-05,,Product_E,Retail,276,402.6,111118.82,64152.53,46966.29,
TXN00479,2023-05,,Product_E,Wholesale,949,309.17,293403.29,181518.61,111884.68,
TXN00480,2023-05,,Product_E,Direct,613,401.71,246247.74,157736.04,88511.7,
TXN00481,2023-05,Central,Product_A,Online,250,87.36,0.0,14162.31,7678.53,Zero Revenue
TXN00482,2023-05,Central,Product_A,Retail,350,91.83,32141.96,13136.49,19005.47,
TXN00483,2023-05,Central,Product_A,Wholesale,902,224.25,202270.58,110028.96,92241.62,
TXN00484,2023-05,Central,Product_A,Direct,943,72.15,68037.0,29327.82,38709.18,
TXN00485,2023-05,Central,Product_B,Online,342,416.54,142455.51,66421.07,76034.44,
TXN00486,2023-05,Central,Product_B,Retail,257,295.64,75979.46,30634.86,45344.6,
TXN00487,2023-05,Central,Product_B,Wholesale,280,482.72,135160.34,89283.38,45876.96,
TXN00488,2023-05,Central,Product_B,Direct,976,329.22,321318.39,177316.58,144001.81,
TXN00489,2023-05,Central,Product_C,Online,763,416.67,317920.06,138664.32,179255.74,
TXN00490,2023-05,Central,Product_C,Retail,671,142.13,95370.0,59827.94,35542.06,
TXN00491,2023-05,Central,Product_C,Wholesale,525,244.39,128306.22,78785.79,49520.43,
TXN00492,2023-05,Central,Product_C,Direct,103,281.92,29037.68,14842.78,14194.9,
TXN00493,2023-05,Central,Product_D,Online,983,130.3,128081.58,71341.82,56739.76,
TXN00494,2023-05,Central,Product_D,Retail,475,389.22,184878.34,110279.14,74599.2,
TXN00495,2023-05,Central,Product_D,Wholesale,105,120.45,12647.26,5262.69,7384.57,
TXN00496,2023-05,Central,Product_D,Direct,792,354.04,280396.45,131914.78,148481.67,
TXN00497,2023-05,Central,Product_E,Online,716,297.49,213004.56,126415.06,86589.5,
TXN00498,2023-05,Central,Product_E,Retail,940,264.22,248364.39,136973.06,111391.33,
TXN00499,2023-05,Central,Product_E,Wholesale,606,431.24,261330.12,137222.06,124108.06,
TXN00500,2023-05,Central,Product_E,Direct,447,354.56,158487.88,75531.79,82956.09,
TXN00501,2023-06,North,Product_A,Online,996,150.74,150136.7,96206.01,53930.69,
TXN00502,2023-06,North,Product_A,Retail,149,270.55,40311.41,20986.22,19325.19,
TXN00503,2023-06,North,Product_A,Wholesale,108,392.96,42439.77,22952.49,19487.28,
TXN00504,2023-06,North,Product_A,Direct,338,357.05,120682.3,66745.71,53936.59,
TXN00505,2023-06,North,Product_B,Online,514,447.12,229821.69,157847.07,71974.62,
TXN00506,2023-06,North,Product_B,Retail,985,470.84,463776.31,235191.12,228585.19,
TXN00507,2023-06,North,Product_B,Wholesale,998,115.39,115156.79,74669.7,40487.09,
TXN00508,2023-06,North,Product_B,Direct,648,220.82,143089.78,77301.21,65788.57,
TXN00509,2023-06,North,Product_C,Online,259,252.83,65483.83,28494.05,36989.78,
TXN00510,2023-06,North,Product_C,Retail,554,183.59,101710.62,59090.64,42619.98,
TXN00511,2023-06,North,Product_C,Wholesale,515,341.74,175997.48,109762.97,66234.51,
TXN00512,2023-06,North,Product_C,Direct,636,308.37,196122.83,137156.16,58966.67,
TXN00513,2023-06,North,Product_D,Online,678,128.73,87277.85,36740.72,50537.13,
TXN00514,2023-06,North,Product_D,Retail,247,197.01,48660.46,23170.14,25490.32,
TXN00515,2023-06,North,Product_D,Wholesale,123,472.04,58060.85,40515.34,17545.51,
TXN00516,2023-06,North,Product_D,Direct,521,160.79,83770.15,48034.51,35735.64,
TXN00517,2023-06,North,Product_E,Online,999,443.74,443298.47,306931.16,136367.31,
TXN00518,2023-06,North,Product_E,Retail,685,449.38,307828.5,140394.93,167433.57,
TXN00519,2023-06,North,Product_E,Wholesale,520,402.6,209353.33,138492.38,70860.95,
TXN00520,2023-06,North,Product_E,Direct,0,50.76,11979.91,5981.08,5998.83,Units Zero but Revenue Non-Zero
TXN00521,2023-06,South,Product_A,Online,422,139.28,58774.58,28709.11,30065.47,
TXN00522,2023-06,South,Product_A,Retail,706,216.21,152641.08,102308.15,50332.93,
TXN00523,2023-06,South,Product_A,Wholesale,287,300.24,86168.98,37409.38,48759.6,
TXN00524,2023-06,South,Product_A,Direct,188,131.93,24802.91,16869.48,7933.43,
TXN00525,2023-06,South,Product_B,Online,251,260.03,65267.3,41036.38,24230.92,
TXN00526,2023-06,South,Product_B,Retail,982,177.2,174011.58,114961.49,59050.09,
TXN00527,2023-06,South,Product_B,Wholesale,942,313.64,295447.77,155206.57,140241.2,
TXN00528,2023-06,South,Product_B,Direct,535,140.04,74919.77,33249.05,41670.72,
TXN00529,2023-06,South,Product_C,Online,681,412.78,281104.23,130925.6,150178.63,
TXN00530,2023-06,South,Product_C,Retail,461,184.1,84870.02,58221.33,26648.69,
TXN00531,2023-06,South,Product_C,Wholesale,836,368.62,308164.72,150329.15,157835.57,
TXN00532,2023-06,South,Product_C,Direct,889,287.52,255605.49,138078.27,117527.22,
TXN00533,2023-06,South,Product_D,Online,374,161.93,60560.62,31533.54,29027.08,
TXN00534,2023-06,South,Product_D,Retail,742,352.58,261614.84,117250.8,144364.04,
TXN00535,2023-06,South,Product_D,Wholesale,311,256.58,79795.84,48389.26,31406.58,
TXN00536,2023-06,South,Product_D,Direct,915,166.27,152138.95,89818.68,62320.27,
TXN00537,2023-06,South,Product_E,Online,582,91.47,53232.96,23553.43,29679.53,
TXN00538,2023-06,South,Product_E,Retail,708,144.96,102631.15,49191.26,53439.89,
TXN00539,2023-06,South,Product_E,Wholesale,836,328.95,275000.48,114283.45,160717.03,
TXN00540,2023-06,South,Product_E,Direct,435,254.64,110770.01,49451.48,61318.53,
TXN00541,2023-06,East,Product_A,Online,252,307.32,77444.8,51085.33,26359.47,
TXN00542,2023-06,East,Product_A,Retail,544,392.06,213280.88,90907.08,122373.8,
TXN00543,2023-06,East,Product_A,Wholesale,745,290.7,216571.74,93602.65,122969.09,
TXN00544,2023-06,East,Product_A,Direct,603,182.5,110048.84,61317.5,48731.34,
TXN00545,2023-06,East,Product_B,Online,665,489.13,325274.27,190557.45,134716.82,
TXN00546,2023-06,East,Product_B,Retail,605,361.34,2186078.3,137433.76,81174.07,Revenue Spike
TXN00547,2023-06,East,Product_B,Wholesale,354,71.23,252155.0,10146.1,15069.4,Revenue Spike
TXN00548,2023-06,East,Product_B,Direct,206,253.7,52262.23,24068.22,28194.01,
TXN00549,2023-06,East,Product_C,Online,557,343.49,191325.68,80434.13,110891.55,
TXN00550,2023-06,East,Product_C,Retail,165,250.25,41291.1,26880.58,14410.52,
TXN00551,2023-06,East,Product_C,Wholesale,379,449.18,170239.07,107644.35,62594.72,
TXN00552,2023-06,East,Product_C,Direct,441,225.77,99564.73,47436.4,52128.33,
TXN00553,2023-06,East,Product_D,Online,553,190.53,105361.24,158041.86000000002,-52680.62,Cost Exceeds Revenue
TXN00554,2023-06,East,Product_D,Retail,674,177.95,119939.11,62605.04,57334.07,
TXN00555,2023-06,East,Product_D,Wholesale,191,367.56,70203.58,41264.93,28938.65,
TXN00556,2023-06,East,Product_D,Direct,714,110.49,78888.61,48432.09,30456.52,
TXN00557,2023-06,East,Product_E,Online,809,326.74,264331.98,183391.78,80940.2,
TXN00558,2023-06,East,Product_E,Retail,528,289.25,152726.43,86930.45,65795.98,
TXN00559,2023-06,East,Product_E,Wholesale,466,205.86,95931.12,41726.96,54204.16,
TXN00560,2023-06,East,Product_E,Direct,876,54.46,47710.03,30847.32,16862.71,
TXN00561,2023-06,West,Product_A,Online,176,411.98,72508.27,41687.86,30820.41,
TXN00562,2023-06,West,Product_A,Retail,818,368.05,301065.37,168498.39,132566.98,
TXN00563,2023-06,West,Product_A,Wholesale,641,350.0,224352.86,103300.78,121052.08,
TXN00564,2023-06,West,Product_A,Direct,142,457.92,65025.15,31807.06,33218.09,
TXN00565,2023-06,West,Product_B,Online,804,334.58,269002.0,174965.73,94036.27,
TXN00566,2023-06,West,Product_B,Retail,870,59.09,51409.28,21417.94,29991.34,
TXN00567,2023-06,West,Product_B,Wholesale,398,228.99,91137.85,55639.14,35498.71,
TXN00568,2023-06,West,Product_B,Direct,338,344.19,116336.46,77078.65,39257.81,
TXN00569,2023-06,West,Product_C,Online,170,365.25,62092.18,32014.47,30077.71,
TXN00570,2023-06,West,Product_C,Retail,467,134.38,62754.71,40748.1,22006.61,
TXN00571,2023-06,West,Product_C,Wholesale,460,353.75,162722.78,107098.2,55624.58,
TXN00572,2023-06,West,Product_C,Direct,938,183.8,172407.77,77917.39,94490.38,
TXN00573,2023-06,West,Product_D,Online,264,303.97,80247.31,50316.23,29931.08,
TXN00574,2023-06,West,Product_D,Retail,669,497.08,332545.9,199087.91,133457.99,
TXN00575,2023-06,West,Product_D,Wholesale,844,371.18,313280.1,206495.33,106784.77,
TXN00576,2023-06,West,Product_D,Direct,525,411.85,216219.55,89085.67,127133.88,
TXN00577,2023-06,West,Product_E,Online,328,422.53,138591.46,92738.01,45853.45,
TXN00578,2023-06,West,Product_E,Retail,768,256.83,197241.81,137365.76,59876.05,
TXN00579,2023-06,West,Product_E,Wholesale,138,92.9,12820.63,5836.14,6984.49,
TXN00580,2023-06,West,Product_E,Direct,0,247.57,28966.14,11637.12,17329.02,Units Zero but Revenue Non-Zero
TXN00581,2023-06,Central,Product_A,Online,475,408.98,194265.74,111146.48,83119.26,
TXN00582,2023-06,Central,Product_A,Retail,772,67.98,52484.03,31783.49,20700.54,
TXN00583,2023-06,Central,Product_A,Wholesale,336,59.29,19922.26,12636.84,7285.42,
TXN00584,2023-06,Central,Product_A,Direct,748,337.04,252109.13,111077.71,141031.42,
TXN00585,2023-06,Central,Product_B,Online,581,455.08,264403.19,138747.83,125655.36,
TXN00586,2023-06,Central,Product_B,Retail,787,423.27,333113.19,224327.83,108785.36,
TXN00587,2023-06,Central,Product_B,Wholesale,564,130.17,73414.34,39824.29,33590.05,
TXN00588,2023-06,Central,Product_B,Direct,781,358.75,280183.71,169496.32,110687.39,
TXN00589,2023-06,Central,Product_C,Online,944,128.51,121314.91,83724.58,37590.33,
TXN00590,2023-06,Central,Product_C,Retail,169,166.54,28145.81,14594.45,13551.36,
TXN00591,2023-06,Central,Product_C,Wholesale,750,213.43,160074.18,105769.62,54304.56,
TXN00592,2023-06,Central,Product_C,Direct,771,496.27,382623.39,180081.71,202541.68,
TXN00593,2023-06,Central,Product_D,Online,788,416.46,-328170.98,208724.88,119446.1,Negative Revenue
TXN00594,2023-06,Central,Product_D,Retail,125,83.73,10465.91,6532.65,3933.26,
TXN00595,2023-06,Central,Product_D,Wholesale,380,349.11,132663.04,84524.75,48138.29,
TXN00596,2023-06,Central,Product_D,Direct,166,177.9,-29531.94,14300.56,15231.38,Negative Revenue
TXN00597,2023-06,Central,Product_E,Online,750,372.06,279042.55,161123.41,117919.14,
TXN00598,2023-06,Central,Product_E,Retail,693,117.08,81137.49,43479.83,37657.66,
TXN00599,2023-06,Central,Product_E,Wholesale,409,69.05,28242.88,13534.7,14708.18,
TXN00600,2023-06,Central,Product_E,Direct,775,73.27,56786.26,39380.89,17405.37,
TXN00601,2023-07,North,Product_A,Online,833,430.16,358322.97,227853.16,130469.81,
TXN00602,2023-07,North,Product_A,Retail,433,359.52,155671.01,104585.9,51085.11,
TXN00603,2023-07,North,Product_A,Wholesale,562,109.6,61594.8,35217.78,26377.02,
TXN00604,2023-07,North,Product_A,Direct,435,248.47,108082.64,55885.1,52197.54,
TXN00605,2023-07,North,Product_B,Online,775,423.06,327874.09,205771.88,122102.21,
TXN00606,2023-07,North,Product_B,Retail,747,214.18,159989.77,92386.53,67603.24,
TXN00607,2023-07,North,Product_B,Wholesale,547,262.38,143522.07,65782.52,77739.55,
TXN00608,2023-07,North,Product_B,Direct,728,487.33,354776.46,170492.63,184283.83,
TXN00609,2023-07,North,Product_C,Online,750,78.53,58895.6,34827.3,24068.3,
TXN00610,2023-07,North,Product_C,Retail,522,452.5,236206.3,160289.08,75917.22,
TXN00611,2023-07,North,Product_C,Wholesale,982,277.99,272983.16,136513.95,136469.21,
TXN00612,2023-07,North,Product_C,Direct,627,184.15,115464.07,75296.88,40167.19,
TXN00613,2023-07,North,Product_D,Online,789,191.21,150861.31,91121.0,59740.31,
TXN00614,2023-07,North,Product_D,Retail,453,335.18,151837.17,104702.98,47134.19,
TXN00615,2023-07,North,Product_D,Wholesale,422,430.23,181557.23,112229.31,69327.92,
TXN00616,2023-07,North,Product_D,Direct,401,177.49,-71174.4,46602.84,24571.56,Negative Revenue
TXN00617,2023-07,North,Product_E,Online,639,147.82,94458.4,62905.18,31553.22,
TXN00618,2023-07,North,Product_E,Retail,0,468.34,341421.14,194908.51,146512.63,Units Zero but Revenue Non-Zero
TXN00619,2023-07,North,Product_E,Wholesale,131,436.84,-57225.86,35311.47,21914.39,Negative Revenue
TXN00620,2023-07,North,Product_E,Direct,903,78.11,70534.71,41084.55,29450.16,
TXN00621,2023-07,South,Product_A,Online,109,341.1,37179.94,18347.92,18832.02,
TXN00622,2023-07,South,Product_A,Retail,767,273.64,209879.68,142861.18,67018.5,
TXN00623,2023-07,South,Product_A,Wholesale,112,57.97,6492.81,3385.93,3106.88,
TXN00624,2023-07,South,Product_A,Direct,342,396.57,135625.62,86700.33,48925.29,
TXN00625,2023-07,South,Product_B,Online,429,118.27,50739.61,20607.16,30132.45,
TXN00626,2023-07,South,Product_B,Retail,612,371.76,227516.88,135180.64,92336.24,
TXN00627,2023-07,South,Product_B,Wholesale,657,169.76,111532.56,75528.17,36004.39,
TXN00628,2023-07,South,Product_B,Direct,666,241.18,160624.36,87231.98,73392.38,
TXN00629,2023-07,South,Product_C,Online,285,479.27,136590.6,82663.93,53926.67,
TXN00630,2023-07,South,Product_C,Retail,426,472.08,201107.11,117076.78,84030.33,
TXN00631,2023-07,South,Product_C,Wholesale,909,197.85,179842.03,100369.36,79472.67,
TXN00632,2023-07,South,Product_C,Direct,302,255.68,77216.54,33483.28,43733.26,
TXN00633,2023-07,South,Product_D,Online,646,77.04,49765.13,30551.55,19213.58,
TXN00634,2023-07,South,Product_D,Retail,339,358.5,0.0,63282.89,58248.79,Zero Revenue
TXN00635,2023-07,South,Product_D,Wholesale,688,415.63,285950.28,188766.26,97184.02,
TXN00636,2023-07,South,Product_D,Direct,923,435.42,401891.21,266635.36,135255.85,
TXN00637,2023-07,South,Product_E,Online,965,202.84,195741.72,100467.92,95273.8,
TXN00638,2023-07,South,Product_E,Retail,969,189.25,183379.65,86958.2,96421.45,
TXN00639,2023-07,South,Product_E,Wholesale,903,285.14,2574831.4000000004,171765.23,85717.91,Revenue Spike
TXN00640,2023-07,South,Product_E,Direct,556,273.32,151965.42,78974.45,72990.97,
TXN00641,2023-07,East,Product_A,Online,764,127.27,97230.82,66302.52,30928.3,
TXN00642,2023-07,East,Product_A,Retail,494,175.43,86660.89,43782.71,42878.18,
TXN00643,2023-07,East,Product_A,Wholesale,710,235.84,167448.0,82999.16,84448.84,
TXN00644,2023-07,East,Product_A,Direct,853,186.42,159014.53,85210.62,73803.91,
TXN00645,2023-07,East,Product_B,Online,477,104.51,49849.85,21699.01,28150.84,
TXN00646,2023-07,East,Product_B,Retail,896,76.01,68102.33,35361.96,32740.37,
TXN00647,2023-07,East,Product_B,Wholesale,599,244.91,146702.88,78930.32,67772.56,
TXN00648,2023-07,East,Product_B,Direct,617,457.32,282165.32,153301.99,128863.33,
TXN00649,2023-07,East,Product_C,Online,100,325.99,32598.69,20642.01,11956.68,
TXN00650,2023-07,East,Product_C,Retail,939,233.32,219086.48,99372.13,119714.35,
TXN00651,2023-07,East,Product_C,Wholesale,722,140.81,101662.89,66165.74,35497.15,
TXN00652,2023-07,East,Product_C,Direct,685,185.32,126942.31,62516.38,64425.93,
TXN00653,2023-07,East,Product_D,Online,153,440.27,67361.31,45294.93,22066.38,
TXN00654,2023-07,East,Product_D,Retail,681,379.06,258137.88,149653.06,108484.82,
TXN00655,2023-07,East,Product_D,Wholesale,811,247.05,200357.41,126932.29,73425.12,
TXN00656,2023-07,East,Product_D,Direct,346,199.29,68952.7,34679.29,34273.41,
TXN00657,2023-07,East,Product_E,Online,642,83.23,53435.88,32317.36,21118.52,
TXN00658,2023-07,East,Product_E,Retail,538,439.93,236683.82,164938.65,71745.17,
TXN00659,2023-07,East,Product_E,Wholesale,868,220.0,190964.02,91890.53,99073.49,
TXN00660,2023-07,East,Product_E,Direct,929,443.37,411893.82,178103.91,233789.91,
TXN00661,2023-07,West,Product_A,Online,898,374.77,336541.6,189799.65,146741.95,
TXN00662,2023-07,West,Product_A,Retail,387,122.94,47577.19,32235.21,15341.98,
TXN00663,2023-07,West,Product_A,Wholesale,510,327.96,167257.97,113345.29,53912.68,
TXN00664,2023-07,West,Product_A,Direct,660,233.95,154408.6,97577.37,56831.23,
TXN00665,2023-07,West,Product_B,Online,628,476.43,299195.89,173350.07,125845.82,
TXN00666,2023-07,West,Product_B,Retail,342,496.09,169663.69,97366.92,72296.77,
TXN00667,2023-07,West,Product_B,Wholesale,572,260.61,149066.94,79313.54,69753.4,
TXN00668,2023-07,West,Product_B,Direct,475,385.76,183233.79,75800.18,107433.61,
TXN00669,2023-07,West,Product_C,Online,553,312.64,172889.41,81592.65,91296.76,
TXN00670,2023-07,West,Product_C,Retail,784,272.84,213908.7,143372.16,70536.54,
TXN00671,2023-07,West,Product_C,Wholesale,309,127.35,39349.68,17592.49,21757.19,
TXN00672,2023-07,West,Product_C,Direct,102,203.88,20795.7,10766.73,10028.97,
TXN00673,2023-07,West,Product_D,Online,980,380.37,372761.04,157112.79,215648.25,
TXN00674,2023-07,West,Product_D,Retail,652,394.91,257479.66,177236.57,80243.09,
TXN00675,2023-07,West,Product_D,Wholesale,239,283.82,67832.17,40856.63,26975.54,
TXN00676,2023-07,West,Product_D,Direct,601,92.59,55648.83,33023.54,22625.29,
TXN00677,2023-07,West,Product_E,Online,621,352.24,218740.33,149367.2,69373.13,
TXN00678,2023-07,West,Product_E,Retail,939,185.2,173907.0,84347.72,89559.28,
TXN00679,2023-07,West,Product_E,Wholesale,209,176.28,36841.71,24791.42,12050.29,
TXN00680,2023-07,West,Product_E,Direct,450,59.52,26784.11,17459.95,9324.16,
TXN00681,2023-07,Central,Product_A,Online,274,397.64,108954.41,68836.59,40117.82,
TXN00682,2023-07,Central,Product_A,Retail,908,447.46,406294.49,166668.16,239626.33,
TXN00683,2023-07,Central,Product_A,Wholesale,831,180.9,150328.96,75058.63,75270.33,
TXN00684,2023-07,,Product_A,Direct,983,193.53,190240.18,91703.43,98536.75,Missing Region
TXN00685,2023-07,,Product_B,Online,832,338.63,281736.63,155530.27,126206.36,
TXN00686,2023-07,,Product_B,Retail,276,433.69,119697.52,72570.91,47126.61,
TXN00687,2023-07,,Product_B,Wholesale,594,241.56,143488.86,61952.61,81536.25,
TXN00688,2023-07,,Product_B,Direct,708,209.28,148166.99,102075.96,46091.03,
TXN00689,2023-07,,Product_C,Online,833,219.37,182738.18,104296.58,78441.6,
TXN00690,2023-07,,Product_C,Retail,500,296.06,148029.4,87987.75,60041.65,
TXN00691,2023-07,,Product_C,Wholesale,793,78.5,62252.43,36906.09,25346.34,
TXN00692,2023-07,,Product_C,Direct,703,89.41,62853.8,26242.61,36611.19,
TXN00693,2023-07,,Product_D,Online,260,314.82,818528.6,40443.43,41409.43,Revenue Spike
TXN00694,2023-07,,Product_D,Retail,132,363.61,47996.08,25107.36,22888.72,
TXN00695,2023-07,,Product_D,Wholesale,960,247.26,237373.32,120326.26,117047.06,
TXN00696,2023-07,,Product_D,Direct,522,412.77,215464.44,146817.3,68647.14,
TXN00697,2023-07,,Product_E,Online,844,451.25,380854.6,247534.98,133319.62,
TXN00698,2023-07,,Product_E,Retail,476,191.85,91319.99,60803.24,30516.75,
TXN00699,2023-07,,Product_E,Wholesale,555,100.54,557989.5,32449.99,23348.96,Revenue Spike
TXN00700,2023-07,,Product_E,Direct,549,252.99,138888.98,68287.79,70601.19,
TXN00701,2023-08,North,Product_A,Online,481,359.22,172785.01,72768.06,100016.95,
TXN00702,2023-08,North,Product_A,Retail,331,64.2,21250.52,14680.49,6570.03,
TXN00703,2023-08,North,Product_A,Wholesale,990,214.13,211988.47,107671.56,104316.91,
TXN00704,2023-08,North,Product_A,Direct,418,423.74,177123.43,92669.85,84453.58,
TXN00705,2023-08,North,Product_B,Online,581,424.75,246778.53,169466.12,77312.41,
TXN00706,2023-08,North,Product_B,Retail,743,231.71,172158.22,95849.76,76308.46,
TXN00707,2023-08,North,Product_B,Wholesale,198,122.24,24202.98,13075.93,11127.05,
TXN00708,2023-08,North,Product_B,Direct,154,167.21,25750.3,11909.29,13841.01,
TXN00709,2023-08,North,Product_C,Online,842,266.14,224091.09,146725.29,77365.8,
TXN00710,2023-08,North,Product_C,Retail,835,63.58,530913.1,27771.31,25320.0,Revenue Spike
TXN00711,2023-08,North,Product_C,Wholesale,305,336.18,102536.08,54325.15,48210.93,
TXN00712,2023-08,North,Product_C,Direct,816,243.39,198607.44,128055.27,70552.17,
TXN00713,2023-08,North,Product_D,Online,998,395.63,3948429.1999999997,188385.22,206457.7,Revenue Spike
TXN00714,2023-08,North,Product_D,Retail,914,431.79,394658.64,210733.98,183924.66,
TXN00715,2023-08,North,Product_D,Wholesale,597,63.41,37858.14,16674.96,21183.18,
TXN00716,2023-08,North,Product_D,Direct,684,72.79,49785.75,31420.21,18365.54,
TXN00717,2023-08,North,Product_E,Online,352,74.72,26299.83,13573.09,12726.74,
TXN00718,2023-08,North,Product_E,Retail,682,166.11,113289.79,50358.66,62931.13,
TXN00719,2023-08,North,Product_E,Wholesale,858,160.03,137302.35,59130.46,78171.89,
TXN00720,2023-08,North,Product_E,Direct,476,377.84,179853.73,103924.57,75929.16,
TXN00721,2023-08,South,Product_A,Online,766,88.33,67659.61,40691.26,26968.35,
TXN00722,2023-08,South,Product_A,Retail,221,102.02,-22547.03,14095.99,8451.04,Negative Revenue
TXN00723,2023-08,South,Product_A,Wholesale,813,190.48,154858.44,85579.08,69279.36,
TXN00724,2023-08,South,Product_A,Direct,414,83.73,34663.91,19286.32,15377.59,
TXN00725,2023-08,South,Product_B,Online,179,98.54,17639.19,7362.9,10276.29,
TXN00726,2023-08,South,Product_B,Retail,319,167.75,53510.68,30834.39,22676.29,
TXN00727,2023-08,South,Product_B,Wholesale,692,481.95,333506.77,193336.49,140170.28,
TXN00728,2023-08,South,Product_B,Direct,435,195.04,848410.7000000001,35200.35,49640.72,Revenue Spike
TXN00729,2023-08,South,Product_C,Online,586,261.74,153381.26,80003.2,73378.06,
TXN00730,2023-08,South,Product_C,Retail,707,403.14,285017.82,123529.24,161488.58,
TXN00731,2023-08,South,Product_C,Wholesale,682,172.24,117470.64,61219.13,56251.51,
TXN00732,2023-08,South,Product_C,Direct,899,78.22,70315.92,37518.26,32797.66,
TXN00733,2023-08,South,Product_D,Online,286,366.32,104766.84,55997.68,48769.16,
TXN00734,2023-08,South,Product_D,Retail,868,295.22,256251.03,130283.35,125967.68,
TXN00735,2023-08,South,Product_D,Wholesale,252,281.02,70817.2,42567.71,28249.49,
TXN00736,2023-08,South,Product_D,Direct,829,237.27,196695.91,112704.54,83991.37,
TXN00737,2023-08,South,Product_E,Online,479,329.51,157833.96,87468.77,70365.19,
TXN00738,2023-08,South,Product_E,Retail,275,479.92,131978.63,91239.8,40738.83,
TXN00739,2023-08,South,Product_E,Wholesale,604,381.44,230391.45,151832.44,78559.01,
TXN00740,2023-08,South,Product_E,Direct,248,272.11,67482.36,39054.42,28427.94,
TXN00741,2023-08,East,Product_A,Online,293,273.77,80215.58,48171.59,32043.99,
TXN00742,2023-08,East,Product_A,Retail,632,83.46,52744.61,27402.09,25342.52,
TXN00743,2023-08,East,Product_A,Wholesale,806,327.29,263795.07,170875.17,92919.9,
TXN00744,2023-08,East,Product_A,Direct,988,155.17,153309.52,79675.9,73633.62,
TXN00745,2023-08,East,Product_B,Online,835,152.5,127338.98,88029.66,39309.32,
TXN00746,2023-08,East,Product_B,Retail,239,190.85,45611.97,28302.55,17309.42,
TXN00747,2023-08,East,Product_B,Wholesale,977,129.32,126343.37,67857.28,58486.09,
TXN00748,2023-08,East,Product_B,Direct,986,220.34,217255.62,108353.76,108901.86,
TXN00749,2023-08,East,Product_C,Online,508,247.16,125555.34,60192.96,65362.38,
TXN00750,2023-08,East,Product_C,Retail,129,134.65,17369.53,26054.295,-8684.76,Cost Exceeds Revenue
TXN00751,2023-08,East,Product_C,Wholesale,660,196.72,129833.68,79877.42,49956.26,
TXN00752,2023-08,East,Product_C,Direct,416,163.84,68158.84,46270.73,21888.11,
TXN00753,2023-08,East,Product_D,Online,320,93.12,29799.1,13458.94,16340.16,
TXN00754,2023-08,East,Product_D,Retail,692,216.11,149547.21,85201.55,64345.66,
TXN00755,2023-08,East,Product_D,Wholesale,363,397.8,144400.89,80266.36,64134.53,
TXN00756,2023-08,East,Product_D,Direct,423,205.03,86728.27,58545.34,28182.93,
TXN00757,2023-08,East,Product_E,Online,328,331.43,108707.75,62546.4,46161.35,
TXN00758,2023-08,East,Product_E,Retail,949,180.91,171684.58,72914.65,98769.93,
TXN00759,2023-08,East,Product_E,Wholesale,538,65.47,35223.42,23366.71,11856.71,
TXN00760,2023-08,East,Product_E,Direct,323,240.8,77777.17,38065.92,39711.25,
TXN00761,2023-08,West,Product_A,Online,692,138.05,95527.91,62845.44,32682.47,
TXN00762,2023-08,West,Product_A,Retail,109,281.32,30664.35,45996.524999999994,-15332.17,Cost Exceeds Revenue
TXN00763,2023-08,West,Product_A,Wholesale,0,475.25,235721.59,104059.88,131661.71,Units Zero but Revenue Non-Zero
TXN00764,2023-08,West,Product_A,Direct,368,456.95,168156.27,74408.56,93747.71,
TXN00765,2023-08,West,Product_B,Online,271,378.71,-102630.5,57185.66,45444.84,Negative Revenue
TXN00766,2023-08,West,Product_B,Retail,803,101.23,81284.83,33528.08,47756.75,
TXN00767,2023-08,West,Product_B,Wholesale,633,355.22,224856.6,124729.22,100127.38,
TXN00768,2023-08,West,Product_B,Direct,389,247.44,96253.44,59753.5,36499.94,
TXN00769,2023-08,West,Product_C,Online,552,324.44,179090.23,77944.35,101145.88,
TXN00770,2023-08,West,Product_C,Retail,805,100.59,80973.88,48347.39,32626.49,
TXN00771,2023-08,West,Product_C,Wholesale,704,248.18,174716.26,91115.36,83600.9,
TXN00772,2023-08,West,Product_C,Direct,488,167.86,81915.67,37989.16,43926.51,
TXN00773,2023-08,West,Product_D,Online,338,129.67,43827.54,27937.68,15889.86,
TXN00774,2023-08,West,Product_D,Retail,536,152.69,81842.45,46161.57,35680.88,
TXN00775,2023-08,West,Product_D,Wholesale,103,265.65,27361.59,18028.65,9332.94,
TXN00776,2023-08,West,Product_D,Direct,222,454.36,100868.2,63636.47,37231.73,
TXN00777,2023-08,West,Product_E,Online,617,337.94,208506.37,101676.83,106829.54,
TXN00778,2023-08,West,Product_E,Retail,875,166.99,146116.64,99068.98,47047.66,
TXN00779,2023-08,West,Product_E,Wholesale,282,204.5,57667.99,37967.61,19700.38,
TXN00780,2023-08,West,Product_E,Direct,775,56.51,43797.98,25510.29,18287.69,
TXN00781,2023-08,Central,Product_A,Online,439,238.82,104844.11,63971.76,40872.35,
TXN00782,2023-08,,Product_A,Retail,928,170.15,157899.75,87787.59,70112.16,Missing Region
TXN00783,2023-08,,Product_A,Wholesale,259,225.81,58484.81,32685.23,25799.58,
TXN00784,2023-08,,Product_A,Direct,192,69.79,13400.55,8303.93,5096.62,
TXN00785,2023-08,,Product_B,Online,729,453.66,330715.11,192382.16,138332.95,
TXN00786,2023-08,,Product_B,Retail,871,348.94,303930.95,198984.38,104946.57,
TXN00787,2023-08,,Product_B,Wholesale,593,173.74,103029.65,65500.13,37529.52,
TXN00788,2023-08,,Product_B,Direct,473,194.14,91825.9,41413.17,50412.73,
TXN00789,2023-08,,Product_C,Online,489,416.76,203794.43,101060.19,102734.24,
TXN00790,2023-08,,Product_C,Retail,949,143.58,136260.96,81802.62,54458.34,
TXN00791,2023-08,,Product_C,Wholesale,438,76.93,33693.47,23175.09,10518.38,
TXN00792,2023-08,,Product_C,Direct,619,363.34,224909.04,151181.15,73727.89,
TXN00793,2023-08,,Product_D,Online,577,213.22,123029.7,81177.83,41851.87,
TXN00794,2023-08,,Product_D,Retail,709,217.36,154111.51,102932.66,51178.85,
TXN00795,2023-08,,Product_D,Wholesale,752,305.59,229805.35,144088.37,85716.98,
TXN00796,2023-08,,Product_D,Direct,563,272.96,153678.47,98165.72,55512.75,
TXN00797,2023-08,,Product_E,Online,791,250.52,198159.98,124282.07,73877.91,
TXN00798,2023-08,,Product_E,Retail,250,296.94,74235.88,45330.38,28905.5,
TXN00799,2023-08,,Product_E,Wholesale,705,60.16,42410.88,19771.03,22639.85,
TXN00800,2023-08,,Product_E,Direct,0,169.46,82865.6,37745.15,45120.45,Units Zero but Revenue Non-Zero
TXN00801,2023-09,North,Product_A,Online,692,267.76,185290.34,118910.33,66380.01,
TXN00802,2023-09,North,Product_A,Retail,836,128.19,107162.76,54125.95,53036.81,
TXN00803,2023-09,North,Product_A,Wholesale,983,230.91,226987.4,140232.28,86755.12,
TXN00804,2023-09,North,Product_A,Direct,805,490.13,394557.34,178105.18,216452.16,
TXN00805,2023-09,North,Product_B,Online,368,354.38,130410.21,86504.04,43906.17,
TXN00806,2023-09,North,Product_B,Retail,253,332.52,84128.76,45905.83,38222.93,
TXN00807,2023-09,North,Product_B,Wholesale,457,412.61,188560.89,92781.97,95778.92,
TXN00808,2023-09,North,Product_B,Direct,230,440.01,101203.44,67906.67,33296.77,
TXN00809,2023-09,North,Product_C,Online,886,55.79,49429.97,33579.66,15850.31,
TXN00810,2023-09,North,Product_C,Retail,521,404.41,210697.57,104588.78,106108.79,
TXN00811,2023-09,North,Product_C,Wholesale,740,375.87,278146.82,190393.76,87753.06,
TXN00812,2023-09,North,Product_C,Direct,305,338.95,103380.32,65686.47,37693.85,
TXN00813,2023-09,North,Product_D,Online,273,270.79,73926.59,35927.84,37998.75,
TXN00814,2023-09,North,Product_D,Retail,465,226.03,105103.14,64907.24,40195.9,
TXN00815,2023-09,North,Product_D,Wholesale,467,251.87,117623.49,47260.84,70362.65,
TXN00816,2023-09,North,Product_D,Direct,918,96.32,88423.02,132634.53,-44211.51,Cost Exceeds Revenue
TXN00817,2023-09,North,Product_E,Online,327,135.18,44202.28,30920.82,13281.46,
TXN00818,2023-09,North,Product_E,Retail,879,94.32,82909.39,34622.31,48287.08,
TXN00819,2023-09,North,Product_E,Wholesale,299,239.65,71654.56,44126.04,27528.52,
TXN00820,2023-09,North,Product_E,Direct,805,208.16,167567.61,70530.48,97037.13,
TXN00821,2023-09,South,Product_A,Online,419,298.57,125100.1,71406.84,53693.26,
TXN00822,2023-09,South,Product_A,Retail,512,398.88,-204227.41,132856.83,71370.58,Negative Revenue
TXN00823,2023-09,South,Product_A,Wholesale,980,371.11,363686.59,214464.41,149222.18,
TXN00824,2023-09,South,Product_A,Direct,474,310.88,147354.81,82206.98,65147.83,
TXN00825,2023-09,South,Product_B,Online,330,439.13,144914.0,78481.51,66432.49,
TXN00826,2023-09,South,Product_B,Retail,840,69.95,58762.18,30454.75,28307.43,
TXN00827,2023-09,South,Product_B,Wholesale,411,117.74,48393.09,19943.35,28449.74,
TXN00828,2023-09,South,Product_B,Direct,820,480.05,393637.81,250461.12,143176.69,
TXN00829,2023-09,South,Product_C,Online,290,189.05,54823.43,28532.27,26291.16,
TXN00830,2023-09,South,Product_C,Retail,685,97.85,-67028.41,46685.19,20343.22,Negative Revenue
TXN00831,2023-09,South,Product_C,Wholesale,645,499.1,321916.28,185519.74,136396.54,
TXN00832,2023-09,South,Product_C,Direct,119,81.81,9735.45,5618.3,4117.15,
TXN00833,2023-09,South,Product_D,Online,975,274.48,267613.23,144450.9,123162.33,
TXN00834,2023-09,South,Product_D,Retail,317,478.81,151781.84,78549.81,73232.03,
TXN00835,2023-09,South,Product_D,Wholesale,184,123.69,22758.96,13813.41,8945.55,
TXN00836,2023-09,South,Product_D,Direct,728,389.45,283519.65,425279.47500000003,-141759.83,Cost Exceeds Revenue
TXN00837,2023-09,South,Product_E,Online,939,392.32,368386.92,211350.99,157035.93,
TXN00838,2023-09,South,Product_E,Retail,999,351.12,350767.5,219008.74,131758.76,
TXN00839,2023-09,South,Product_E,Wholesale,877,158.2,138744.13,55807.24,82936.89,
TXN00840,2023-09,South,Product_E,Direct,977,60.1,58722.01,25592.27,33129.74,
TXN00841,2023-09,East,Product_A,Online,397,222.99,88527.99,57623.42,30904.57,
TXN00842,2023-09,East,Product_A,Retail,476,310.67,147880.36,71909.41,75970.95,
TXN00843,2023-09,East,Product_A,Wholesale,609,94.97,57833.78,27829.66,30004.12,
TXN00844,2023-09,East,Product_A,Direct,118,491.67,58017.05,28862.29,29154.76,
TXN00845,2023-09,East,Product_B,Online,500,298.6,149301.6,76257.48,73044.12,
TXN00846,2023-09,East,Product_B,Retail,327,173.99,-56896.09,25060.21,31835.88,Negative Revenue
TXN00847,2023-09,East,Product_B,Wholesale,229,116.83,26753.56,18233.25,8520.31,
TXN00848,2023-09,East,Product_B,Direct,994,219.83,218515.86,98286.67,120229.19,
TXN00849,2023-09,East,Product_C,Online,108,122.61,13242.14,5855.15,7386.99,
TXN00850,2023-09,East,Product_C,Retail,310,475.78,147491.69,87148.84,60342.85,
TXN00851,2023-09,East,Product_C,Wholesale,940,288.5,271189.81,127716.54,143473.27,
TXN00852,2023-09,East,Product_C,Direct,204,316.07,64477.39,35849.26,28628.13,
TXN00853,2023-09,East,Product_D,Online,906,450.98,408592.31,230270.02,178322.29,
TXN00854,2023-09,,Product_D,Retail,344,177.76,61149.46,27688.24,33461.22,Missing Region
TXN00855,2023-09,,Product_D,Wholesale,354,297.91,105459.66,51583.11,53876.55,
TXN00856,2023-09,,Product_D,Direct,405,225.62,91376.83,40940.15,50436.68,
TXN00857,2023-09,,Product_E,Online,511,339.38,173421.24,115749.99,57671.25,
TXN00858,2023-09,,Product_E,Retail,287,328.46,94269.34,51179.06,43090.28,
TXN00859,2023-09,,Product_E,Wholesale,816,64.42,52563.19,35326.12,17237.07,
TXN00860,2023-09,,Product_E,Direct,989,121.76,120422.08,74882.24,45539.84,
TXN00861,2023-09,West,Product_A,Online,212,174.65,37026.49,17986.5,19039.99,
TXN00862,2023-09,West,Product_A,Retail,742,339.47,251883.58,110304.28,141579.3,
TXN00863,2023-09,West,Product_A,Wholesale,552,489.56,270239.16,187566.48,82672.68,
TXN00864,2023-09,West,Product_A,Direct,624,393.41,245488.3,119985.2,125503.1,
TXN00865,2023-09,West,Product_B,Online,545,150.9,82242.4,44738.9,37503.5,
TXN00866,2023-09,West,Product_B,Retail,753,438.78,330405.09,184979.89,145425.2,
TXN00867,2023-09,West,Product_B,Wholesale,360,333.13,119927.89,60987.01,58940.88,
TXN00868,2023-09,West,Product_B,Direct,717,111.09,79648.38,55657.54,23990.84,
TXN00869,2023-09,West,Product_C,Online,842,129.21,108796.46,54760.43,54036.03,
TXN00870,2023-09,West,Product_C,Retail,226,89.7,20271.59,13949.2,6322.39,
TXN00871,2023-09,West,Product_C,Wholesale,143,234.56,33542.55,13740.94,19801.61,
TXN00872,2023-09,West,Product_C,Direct,301,54.25,16328.77,10695.28,5633.49,
TXN00873,2023-09,West,Product_D,Online,469,481.13,225650.99,100860.15,124790.84,
TXN00874,2023-09,West,Product_D,Retail,348,472.38,1643880.4000000001,99143.84,65244.2,Revenue Spike
TXN00875,2023-09,West,Product_D,Wholesale,590,193.84,114364.82,48069.88,66294.94,
TXN00876,2023-09,West,Product_D,Direct,895,334.45,299332.27,135315.43,164016.84,
TXN00877,2023-09,West,Product_E,Online,445,497.96,221594.06,113068.94,108525.12,
TXN00878,2023-09,West,Product_E,Retail,177,450.91,79810.36,34237.97,45572.39,
TXN00879,2023-09,West,Product_E,Wholesale,889,375.14,333496.85,218356.5,115140.35,
TXN00880,2023-09,West,Product_E,Direct,704,196.87,138599.25,74079.64,64519.61,
TXN00881,2023-09,Central,Product_A,Online,161,460.54,74147.22,49770.39,24376.83,
TXN00882,2023-09,Central,Product_A,Retail,410,443.86,181981.91,97124.83,84857.08,
TXN00883,2023-09,Central,Product_A,Wholesale,595,213.48,127019.75,75925.78,51093.97,
TXN00884,2023-09,Central,Product_A,Direct,348,378.24,131626.87,85886.45,45740.42,
TXN00885,2023-09,Central,Product_B,Online,947,258.11,244433.98,120340.87,124093.11,
TXN00886,2023-09,Central,Product_B,Retail,728,310.2,225822.81,109415.97,116406.84,
TXN00887,2023-09,Central,Product_B,Wholesale,105,96.05,10084.86,6101.62,3983.24,
TXN00888,2023-09,Central,Product_B,Direct,194,141.67,27483.1,15854.07,11629.03,
TXN00889,2023-09,Central,Product_C,Online,192,279.82,53725.67,25185.41,28540.26,
TXN00890,2023-09,Central,Product_C,Retail,249,152.88,38067.83,16057.66,22010.17,
TXN00891,2023-09,Central,Product_C,Wholesale,847,79.06,66963.27,43720.1,23243.17,
TXN00892,2023-09,Central,Product_C,Direct,458,389.83,178543.56,120726.51,57817.05,
TXN00893,2023-09,Central,Product_D,Online,496,466.28,0.0,94379.48,136897.08,Zero Revenue
TXN00894,2023-09,Central,Product_D,Retail,295,166.43,49096.72,26070.16,23026.56,
TXN00895,2023-09,Central,Product_D,Wholesale,689,80.1,55186.67,34376.32,20810.35,
TXN00896,2023-09,Central,Product_D,Direct,606,354.29,214697.74,147869.56,66828.18,
TXN00897,2023-09,Central,Product_E,Online,550,483.57,265964.16,173223.32,92740.84,
TXN00898,2023-09,Central,Product_E,Retail,286,172.95,49463.54,32822.16,16641.38,
TXN00899,2023-09,Central,Product_E,Wholesale,339,282.73,95844.77,61678.16,34166.61,
TXN00900,2023-09,Central,Product_E,Direct,993,226.28,224700.38,101209.98,123490.4,
TXN00901,2023-10,North,Product_A,Online,704,499.19,351428.48,170352.09,181076.39,
TXN00902,2023-10,North,Product_A,Retail,609,162.33,98859.76,61428.59,37431.17,
TXN00903,2023-10,North,Product_A,Wholesale,300,141.15,42343.78,28279.63,14064.15,
TXN00904,2023-10,North,Product_A,Direct,881,84.82,74725.62,52008.68,22716.94,
TXN00905,2023-10,North,Product_B,Online,658,151.31,99564.95,40161.42,59403.53,
TXN00906,2023-10,North,Product_B,Retail,523,338.77,177177.87,105288.71,71889.16,
TXN00907,2023-10,North,Product_B,Wholesale,438,139.36,61041.61,29604.39,31437.22,
TXN00908,2023-10,North,Product_B,Direct,974,346.74,337720.15,158838.11,178882.04,
TXN00909,2023-10,North,Product_C,Online,861,473.94,408065.22,250274.92,157790.3,
TXN00910,2023-10,North,Product_C,Retail,427,255.32,109022.44,61438.92,47583.52,
TXN00911,2023-10,North,Product_C,Wholesale,383,82.69,31670.98,16269.34,15401.64,
TXN00912,2023-10,North,Product_C,Direct,756,442.74,334714.55,215720.16,118994.39,
TXN00913,2023-10,North,Product_D,Online,760,368.58,280122.36,120996.32,159126.04,
TXN00914,2023-10,North,Product_D,Retail,840,352.69,296256.99,148681.07,147575.92,
TXN00915,2023-10,North,Product_D,Wholesale,475,406.34,193012.3,92182.71,100829.59,
TXN00916,2023-10,North,Product_D,Direct,282,216.58,61075.33,40896.34,20178.99,
TXN00917,2023-10,North,Product_E,Online,242,499.76,120942.79,181414.185,-60471.4,Cost Exceeds Revenue
TXN00918,2023-10,North,Product_E,Retail,381,152.26,58009.79,39779.02,18230.77,
TXN00919,2023-10,North,Product_E,Wholesale,389,309.37,120344.76,52766.63,67578.13,
TXN00920,2023-10,North,Product_E,Direct,103,144.67,14900.9,6646.79,8254.11,
TXN00921,2023-10,South,Product_A,Online,924,81.99,75756.43,43020.51,32735.92,
TXN00922,2023-10,South,Product_A,Retail,903,371.58,335538.98,232473.49,103065.49,
TXN00923,2023-10,South,Product_A,Wholesale,564,336.88,-190001.11,97521.59,92479.52,Negative Revenue
TXN00924,2023-10,South,Product_A,Direct,837,168.02,140633.61,75395.73,65237.88,
TXN00925,2023-10,South,Product_B,Online,301,109.55,32973.94,14183.86,18790.08,
TXN00926,2023-10,South,Product_B,Retail,609,51.72,31498.43,14383.0,17115.43,
TXN00927,2023-10,South,Product_B,Wholesale,965,286.17,276153.57,123489.17,152664.4,
TXN00928,2023-10,South,Product_B,Direct,175,371.39,64993.7,45226.18,19767.52,
TXN00929,2023-10,South,Product_C,Online,360,193.09,69514.02,39019.22,30494.8,
TXN00930,2023-10,South,Product_C,Retail,955,101.05,96503.88,47369.68,49134.2,
TXN00931,2023-10,South,Product_C,Wholesale,118,99.58,11749.97,7471.34,4278.63,
TXN00932,2023-10,South,Product_C,Direct,305,169.73,51767.79,26376.93,25390.86,
TXN00933,2023-10,South,Product_D,Online,164,212.32,34820.9,17722.25,17098.65,
TXN00934,2023-10,South,Product_D,Retail,839,469.65,394035.45,591053.175,-197017.73,Cost Exceeds Revenue
TXN00935,2023-10,South,Product_D,Wholesale,315,138.34,-43576.13,20866.44,22709.69,Negative Revenue
TXN00936,2023-10,South,Product_D,Direct,239,476.08,113783.8,57014.18,56769.62,
TXN00937,2023-10,South,Product_E,Online,671,201.57,135251.93,61985.17,73266.76,
TXN00938,2023-10,South,Product_E,Retail,166,342.33,56826.26,39539.6,17286.66,
TXN00939,2023-10,South,Product_E,Wholesale,930,437.68,407041.78,225421.8,181619.98,
TXN00940,2023-10,South,Product_E,Direct,670,310.1,207764.98,111204.41,96560.57,
TXN00941,2023-10,East,Product_A,Online,641,186.54,119569.44,59530.95,60038.49,
TXN00942,2023-10,East,Product_A,Retail,965,50.96,49177.61,32508.28,16669.33,
TXN00943,2023-10,East,Product_A,Wholesale,502,390.89,196225.44,133355.7,62869.74,
TXN00944,2023-10,East,Product_A,Direct,820,77.94,63913.77,25747.29,38166.48,
TXN00945,2023-10,East,Product_B,Online,600,180.09,108053.49,52589.39,55464.1,
TXN00946,2023-10,East,Product_B,Retail,440,65.26,28716.23,14663.69,14052.54,
TXN00947,2023-10,East,Product_B,Wholesale,852,151.9,129419.55,64839.17,64580.38,
TXN00948,2023-10,East,Product_B,Direct,270,160.44,43319.24,20975.43,22343.81,
TXN00949,2023-10,East,Product_C,Online,282,376.8,106257.2,48194.07,58063.13,
TXN00950,2023-10,East,Product_C,Retail,509,249.4,126947.04,86618.9,40328.14,
TXN00951,2023-10,East,Product_C,Wholesale,821,358.68,294476.84,169927.87,124548.97,
TXN00952,2023-10,East,Product_C,Direct,273,110.0,30030.33,14481.14,15549.19,
TXN00953,2023-10,East,Product_D,Online,294,420.22,123543.8,57011.17,66532.63,
TXN00954,2023-10,East,Product_D,Retail,640,251.4,160895.08,103986.72,56908.36,
TXN00955,2023-10,East,Product_D,Wholesale,872,399.13,348041.81,229376.15,118665.66,
TXN00956,2023-10,East,Product_D,Direct,549,360.85,198104.94,297157.41000000003,-99052.47,Cost Exceeds Revenue
TXN00957,2023-10,East,Product_E,Online,698,416.89,290992.43,184889.54,106102.89,
TXN00958,2023-10,East,Product_E,Retail,725,368.76,2673525.8000000003,125882.36,141470.22,Revenue Spike
TXN00959,2023-10,East,Product_E,Wholesale,883,490.46,433075.75,233696.78,199378.97,
TXN00960,2023-10,East,Product_E,Direct,530,295.03,156363.93,66600.19,89763.74,
TXN00961,2023-10,West,Product_A,Online,777,291.34,226370.21,136024.15,90346.06,
TXN00962,2023-10,West,Product_A,Retail,251,471.58,118366.02,50012.68,68353.34,
TXN00963,2023-10,West,Product_A,Wholesale,388,420.7,163231.69,78730.2,84501.49,
TXN00964,2023-10,West,Product_A,Direct,279,85.78,23932.51,12342.64,11589.87,
TXN00965,2023-10,West,Product_B,Online,268,61.26,16418.7,7129.81,9288.89,
TXN00966,2023-10,West,Product_B,Retail,560,388.55,217586.41,98213.2,119373.21,
TXN00967,2023-10,West,Product_B,Wholesale,481,421.25,202619.35,125352.75,77266.6,
TXN00968,2023-10,West,Product_B,Direct,254,306.27,77792.61,47537.87,30254.74,
TXN00969,2023-10,West,Product_C,Online,501,169.41,84874.31,52027.14,32847.17,
TXN00970,2023-10,West,Product_C,Retail,955,165.1,157667.55,66032.77,91634.78,
TXN00971,2023-10,West,Product_C,Wholesale,459,310.38,142465.32,72236.9,70228.42,
TXN00972,2023-10,West,Product_C,Direct,309,204.13,63074.65,41644.18,21430.47,
TXN00973,2023-10,West,Product_D,Online,462,427.83,197655.18,126305.75,71349.43,
TXN00974,2023-10,West,Product_D,Retail,760,206.65,157051.05,106882.57,50168.48,
TXN00975,2023-10,West,Product_D,Wholesale,664,223.46,148375.42,64036.65,84338.77,
TXN00976,2023-10,West,Product_D,Direct,854,143.25,122338.82,60475.33,61863.49,
TXN00977,2023-10,West,Product_E,Online,458,344.71,-157876.13,72528.12,85348.01,Negative Revenue
TXN00978,2023-10,West,Product_E,Retail,413,252.6,104325.27,71588.84,32736.43,
TXN00979,2023-10,West,Product_E,Wholesale,441,245.59,108306.28,69369.55,38936.73,
TXN00980,2023-10,West,Product_E,Direct,652,96.2,62719.95,29873.64,32846.31,
TXN00981,2023-10,Central,Product_A,Online,231,230.92,53341.84,34799.56,18542.28,
TXN00982,2023-10,Central,Product_A,Retail,303,118.67,35956.71,23633.78,12322.93,
TXN00983,2023-10,Central,Product_A,Wholesale,310,393.13,121869.16,52985.36,68883.8,
TXN00984,2023-10,Central,Product_A,Direct,594,379.49,225416.69,94841.26,130575.43,
TXN00985,2023-10,Central,Product_B,Online,389,209.55,81513.76,46036.98,35476.78,
TXN00986,2023-10,Central,Product_B,Retail,328,457.45,150044.75,102064.33,47980.42,
TXN00987,2023-10,Central,Product_B,Wholesale,472,163.17,77018.03,44715.33,32302.7,
TXN00988,2023-10,Central,Product_B,Direct,753,198.56,0.0,66890.01,82623.51,Zero Revenue
TXN00989,2023-10,Central,Product_C,Online,216,174.42,37673.92,21519.35,16154.57,
TXN00990,2023-10,Central,Product_C,Retail,495,470.2,232747.71,148799.37,83948.34,
TXN00991,2023-10,Central,Product_C,Wholesale,309,407.02,125770.26,76508.88,49261.38,
TXN00992,2023-10,Central,Product_C,Direct,870,373.67,325092.59,142233.73,182858.86,
TXN00993,2023-10,Central,Product_D,Online,901,286.27,257933.17,156963.55,100969.62,
TXN00994,2023-10,Central,Product_D,Retail,362,166.63,60321.43,30489.02,29832.41,
TXN00995,2023-10,Central,Product_D,Wholesale,692,151.27,104681.91,44689.55,59992.36,
TXN00996,2023-10,Central,Product_D,Direct,421,120.43,50700.74,27230.28,23470.46,
TXN00997,2023-10,Central,Product_E,Online,285,114.33,32585.3,17372.87,15212.43,
TXN00998,2023-10,Central,Product_E,Retail,941,296.86,279345.59,128940.7,150404.89,
TXN00999,2023-10,Central,Product_E,Wholesale,561,375.33,210558.65,121183.75,89374.9,
TXN01000,2023-10,Central,Product_E,Direct,925,74.41,68833.17,48172.35,20660.82,
TXN01001,2023-11,North,Product_A,Online,825,288.36,237895.98,110432.17,127463.81,
TXN01002,2023-11,North,Product_A,Retail,545,130.91,71345.8,30787.95,40557.85,
TXN01003,2023-11,North,Product_A,Wholesale,854,328.84,280826.05,175498.69,105327.36,
TXN01004,2023-11,North,Product_A,Direct,998,356.47,355753.21,234999.43,120753.78,
TXN01005,2023-11,North,Product_B,Online,837,131.05,109684.98,57995.88,51689.1,
TXN01006,2023-11,North,Product_B,Retail,129,315.73,40729.32,21900.15,18829.17,
TXN01007,2023-11,North,Product_B,Wholesale,394,151.24,59588.31,40174.99,19413.32,
TXN01008,2023-11,North,Product_B,Direct,830,471.85,391632.21,170123.26,221508.95,
TXN01009,2023-11,North,Product_C,Online,194,202.13,39213.69,26672.33,12541.36,
TXN01010,2023-11,North,Product_C,Retail,206,88.91,18314.89,10239.04,8075.85,
TXN01011,2023-11,North,Product_C,Wholesale,271,168.33,456172.2,31694.86,13922.36,Revenue Spike
TXN01012,2023-11,North,Product_C,Direct,434,115.3,50039.46,21968.72,28070.74,
TXN01013,2023-11,North,Product_D,Online,190,327.54,62232.9,31678.77,30554.13,
TXN01014,2023-11,North,Product_D,Retail,202,321.42,64926.67,36006.1,28920.57,
TXN01015,2023-11,North,Product_D,Wholesale,339,195.1,66138.52,99207.78,-33069.26,Cost Exceeds Revenue
TXN01016,2023-11,North,Product_D,Direct,857,242.86,208133.63,144384.51,63749.12,
TXN01017,2023-11,North,Product_E,Online,854,375.26,320468.63,188013.56,132455.07,
TXN01018,2023-11,North,Product_E,Retail,867,158.03,137015.82,66550.53,70465.29,
TXN01019,2023-11,North,Product_E,Wholesale,382,190.72,72854.55,33672.9,39181.65,
TXN01020,2023-11,North,Product_E,Direct,323,130.11,42025.12,17124.57,24900.55,
TXN01021,2023-11,South,Product_A,Online,714,50.97,36392.01,17325.67,19066.34,
TXN01022,2023-11,South,Product_A,Retail,729,468.39,341456.32,168430.26,173026.06,
TXN01023,2023-11,South,Product_A,Wholesale,660,461.24,304415.59,133717.8,170697.79,
TXN01024,2023-11,South,Product_A,Direct,811,98.62,79982.4,46926.39,33056.01,
TXN01025,2023-11,South,Product_B,Online,679,146.1,99200.64,41392.22,57808.42,
TXN01026,2023-11,South,Product_B,Retail,786,451.05,354522.28,204454.26,150068.02,
TXN01027,2023-11,South,Product_B,Wholesale,637,333.86,212666.45,125779.11,86887.34,
TXN01028,2023-11,South,Product_B,Direct,472,327.05,154368.25,74040.71,80327.54,
TXN01029,2023-11,South,Product_C,Online,910,201.08,182979.2,80613.51,102365.69,
TXN01030,2023-11,South,Product_C,Retail,471,387.89,182696.2,77045.27,105650.93,
TXN01031,2023-11,South,Product_C,Wholesale,368,196.97,72484.89,40751.41,31733.48,
TXN01032,2023-11,South,Product_C,Direct,964,213.77,206074.91,123517.24,82557.67,
TXN01033,2023-11,South,Product_D,Online,247,345.91,85439.19,34596.43,50842.76,
TXN01034,2023-11,South,Product_D,Retail,385,379.21,-145994.96,88473.2,57521.76,Negative Revenue
TXN01035,2023-11,South,Product_D,Wholesale,586,430.65,252360.58,109084.79,143275.79,
TXN01036,2023-11,South,Product_D,Direct,660,260.13,171688.14,81094.9,90593.24,
TXN01037,2023-11,South,Product_E,Online,868,304.68,264458.57,126846.56,137612.01,
TXN01038,2023-11,South,Product_E,Retail,679,135.06,91702.95,44580.25,47122.7,
TXN01039,2023-11,South,Product_E,Wholesale,283,132.34,37450.97,22325.24,15125.73,
TXN01040,2023-11,South,Product_E,Direct,633,456.13,288732.93,127659.09,161073.84,
TXN01041,2023-11,East,Product_A,Online,580,126.99,73653.41,31724.77,41928.64,
TXN01042,2023-11,East,Product_A,Retail,446,350.25,156209.72,106044.45,50165.27,
TXN01043,2023-11,East,Product_A,Wholesale,540,207.43,112011.06,50522.01,61489.05,
TXN01044,2023-11,East,Product_A,Direct,884,76.22,67378.6,31574.66,35803.94,
TXN01045,2023-11,East,Product_B,Online,393,66.46,26119.63,11904.27,14215.36,
TXN01046,2023-11,East,Product_B,Retail,253,340.47,86137.99,40317.27,45820.72,
TXN01047,2023-11,East,Product_B,Wholesale,463,185.94,86089.5,48763.28,37326.22,
TXN01048,2023-11,East,Product_B,Direct,422,84.12,35499.87,18051.51,17448.36,
TXN01049,2023-11,East,Product_C,Online,269,174.31,46889.29,32647.36,14241.93,
TXN01050,2023-11,East,Product_C,Retail,457,474.84,217003.15,93286.83,123716.32,
TXN01051,2023-11,East,Product_C,Wholesale,640,135.76,86884.06,53616.17,33267.89,
TXN01052,2023-11,East,Product_C,Direct,507,238.4,120869.01,61225.63,59643.38,
TXN01053,2023-11,East,Product_D,Online,926,320.04,296357.8,153907.56,142450.24,
TXN01054,2023-11,East,Product_D,Retail,318,254.82,81031.98,48026.95,33005.03,
TXN01055,2023-11,East,Product_D,Wholesale,232,197.35,45785.54,21236.3,24549.24,
TXN01056,2023-11,East,Product_D,Direct,350,214.55,75093.69,51500.26,23593.43,
TXN01057,2023-11,East,Product_E,Online,436,463.69,202166.84,133594.2,68572.64,
TXN01058,2023-11,East,Product_E,Retail,397,63.61,25253.05,15319.71,9933.34,
TXN01059,2023-11,East,Product_E,Wholesale,517,190.86,98675.5,49757.56,48917.94,
TXN01060,2023-11,East,Product_E,Direct,570,208.22,118685.11,52364.62,66320.49,
TXN01061,2023-11,West,Product_A,Online,265,453.48,120171.28,61507.5,58663.78,
TXN01062,2023-11,West,Product_A,Retail,637,441.06,280957.01,150918.48,130038.53,
TXN01063,2023-11,West,Product_A,Wholesale,121,499.99,60498.24,38030.67,22467.57,
TXN01064,2023-11,West,Product_A,Direct,346,498.59,172512.62,85533.89,86978.73,
TXN01065,2023-11,West,Product_B,Online,659,306.35,201885.51,115001.62,86883.89,
TXN01066,2023-11,West,Product_B,Retail,310,190.37,59013.66,32884.77,26128.89,
TXN01067,2023-11,West,Product_B,Wholesale,203,338.21,68655.69,33811.44,34844.25,
TXN01068,2023-11,West,Product_B,Direct,571,392.25,223975.13,124944.51,99030.62,
TXN01069,2023-11,West,Product_C,Online,399,213.33,85119.43,47157.98,37961.45,
TXN01070,2023-11,West,Product_C,Retail,464,98.68,45788.76,22130.3,23658.46,
TXN01071,2023-11,West,Product_C,Wholesale,421,498.77,209983.24,105100.58,104882.66,
TXN01072,2023-11,West,Product_C,Direct,743,301.42,223953.71,133010.93,90942.78,
TXN01073,2023-11,,Product_D,Online,914,451.18,412376.08,277831.43,134544.65,Missing Region
TXN01074,2023-11,,Product_D,Retail,921,439.55,404828.51,247641.58,157186.93,
TXN01075,2023-11,,Product_D,Wholesale,845,274.68,232104.54,102884.83,129219.71,
TXN01076,2023-11,,Product_D,Direct,297,467.71,138911.19,67005.16,71906.03,
TXN01077,2023-11,,Product_E,Online,891,463.12,412643.81,207069.76,205574.05,
TXN01078,2023-11,,Product_E,Retail,361,56.98,20569.64,12525.28,8044.36,
TXN01079,2023-11,,Product_E,Wholesale,954,278.6,265783.71,175728.02,90055.69,
TXN01080,2023-11,,Product_E,Direct,770,469.32,361377.27,177666.9,183710.37,
TXN01081,2023-11,Central,Product_A,Online,252,203.13,51189.66,34139.7,17049.96,
TXN01082,2023-11,Central,Product_A,Retail,776,336.7,2612755.1,172662.55,88612.96,Revenue Spike
TXN01083,2023-11,Central,Product_A,Wholesale,394,92.75,36542.97,23514.1,13028.87,
TXN01084,2023-11,Central,Product_A,Direct,664,339.23,225246.83,137652.23,87594.6,
TXN01085,2023-11,Central,Product_B,Online,583,193.91,113048.85,53973.18,59075.67,
TXN01086,2023-11,Central,Product_B,Retail,582,170.36,99147.84,68878.75,30269.09,
TXN01087,2023-11,Central,Product_B,Wholesale,672,244.81,164511.11,114457.17,50053.94,
TXN01088,2023-11,Central,Product_B,Direct,679,402.15,2730615.0,139879.63,133181.87,Revenue Spike
TXN01089,2023-11,Central,Product_C,Online,197,316.75,62399.33,42386.75,20012.58,
TXN01090,2023-11,Central,Product_C,Retail,260,178.16,46322.65,22733.88,23588.77,
TXN01091,2023-11,Central,Product_C,Wholesale,189,435.67,82341.47,49622.48,32718.99,
TXN01092,2023-11,Central,Product_C,Direct,453,207.82,94140.28,48434.62,45705.66,
TXN01093,2023-11,Central,Product_D,Online,385,435.68,167735.52,79794.63,87940.89,
TXN01094,2023-11,Central,Product_D,Retail,444,79.73,35399.04,18962.81,16436.23,
TXN01095,2023-11,Central,Product_D,Wholesale,485,440.02,213410.48,120420.25,92990.23,
TXN01096,2023-11,Central,Product_D,Direct,891,418.89,373232.46,253502.56,119729.9,
TXN01097,2023-11,Central,Product_E,Online,369,357.87,132054.12,79223.56,52830.56,
TXN01098,2023-11,Central,Product_E,Retail,930,375.99,3496741.3,215451.47,134222.66,Revenue Spike
TXN01099,2023-11,Central,Product_E,Wholesale,278,358.86,99762.03,49592.69,50169.34,
TXN01100,2023-11,Central,Product_E,Direct,883,165.09,145775.88,97419.23,48356.65,
TXN01101,2023-12,North,Product_A,Online,459,136.51,62657.04,38680.52,23976.52,
TXN01102,2023-12,North,Product_A,Retail,490,333.96,163642.21,71676.8,91965.41,
TXN01103,2023-12,North,Product_A,Wholesale,537,236.76,127138.11,88803.84,38334.27,
TXN01104,2023-12,North,Product_A,Direct,997,416.18,414931.92,204950.6,209981.32,
TXN01105,2023-12,North,Product_B,Online,224,276.12,61850.32,31000.46,30849.86,
TXN01106,2023-12,North,Product_B,Retail,623,421.48,262580.37,167251.1,95329.27,
TXN01107,2023-12,North,Product_B,Wholesale,386,465.39,179639.22,116779.52,62859.7,
TXN01108,2023-12,North,Product_B,Direct,909,187.64,170564.42,89621.66,80942.76,
TXN01109,2023-12,North,Product_C,Online,467,444.03,207363.06,133684.36,73678.7,
TXN01110,2023-12,North,Product_C,Retail,432,451.34,194979.79,117646.42,77333.37,
TXN01111,2023-12,North,Product_C,Wholesale,716,487.03,348712.44,140826.09,207886.35,
TXN01112,2023-12,North,Product_C,Direct,788,84.14,66298.7,42553.94,23744.76,
TXN01113,2023-12,North,Product_D,Online,719,214.89,154505.23,86021.11,68484.12,
TXN01114,2023-12,North,Product_D,Retail,155,438.29,67934.21,40039.08,27895.13,
TXN01115,2023-12,North,Product_D,Wholesale,332,79.47,26385.45,15769.75,10615.7,
TXN01116,2023-12,North,Product_D,Direct,763,148.4,113228.53,71994.33,41234.2,
TXN01117,2023-12,North,Product_E,Online,822,146.26,120229.15,71332.82,48896.33,
TXN01118,2023-12,North,Product_E,Retail,473,250.27,118376.53,64118.67,54257.86,
TXN01119,2023-12,North,Product_E,Wholesale,530,341.22,180845.68,80671.41,100174.27,
TXN01120,2023-12,North,Product_E,Direct,372,413.94,153983.84,71295.4,82688.44,
TXN01121,2023-12,South,Product_A,Online,475,263.94,125373.77,64828.49,60545.28,
TXN01122,2023-12,South,Product_A,Retail,848,432.72,366943.57,168229.87,198713.7,
TXN01123,2023-12,South,Product_A,Wholesale,361,369.06,133229.36,85014.39,48214.97,
TXN01124,2023-12,South,Product_A,Direct,431,279.16,1203171.2,60769.19,59547.93,Revenue Spike
TXN01125,2023-12,South,Product_B,Online,528,165.18,87213.82,36347.12,50866.7,
TXN01126,2023-12,South,Product_B,Retail,616,392.72,241913.6,110384.52,131529.08,
TXN01127,2023-12,South,Product_B,Wholesale,523,160.5,83939.38,36096.22,47843.16,
TXN01128,2023-12,South,Product_B,Direct,157,116.51,18292.77,12649.19,5643.58,
TXN01129,2023-12,South,Product_C,Online,749,372.97,279354.26,149518.53,129835.73,
TXN01130,2023-12,South,Product_C,Retail,646,491.85,317735.97,171621.71,146114.26,
TXN01131,2023-12,South,Product_C,Wholesale,344,248.18,85372.39,50638.66,34733.73,
TXN01132,2023-12,South,Product_C,Direct,819,158.54,129840.49,71035.04,58805.45,
TXN01133,2023-12,South,Product_D,Online,376,198.72,74717.49,44308.43,30409.06,
TXN01134,2023-12,South,Product_D,Retail,428,95.13,40715.93,18259.35,22456.58,
TXN01135,2023-12,South,Product_D,Wholesale,808,174.87,141292.46,61911.49,79380.97,
TXN01136,2023-12,South,Product_D,Direct,589,208.43,122765.76,55769.24,66996.52,
TXN01137,2023-12,South,Product_E,Online,500,423.42,2117122.0,109060.68,102651.52,Revenue Spike
TXN01138,2023-12,South,Product_E,Retail,727,220.52,160319.76,240479.64,-80159.88,Cost Exceeds Revenue
TXN01139,2023-12,South,Product_E,Wholesale,423,395.47,167285.39,101841.64,65443.75,
TXN01140,2023-12,South,Product_E,Direct,126,421.15,53064.85,35406.4,17658.45,
TXN01141,2023-12,East,Product_A,Online,777,197.86,153736.05,68235.32,85500.73,
TXN01142,2023-12,East,Product_A,Retail,350,183.31,64158.45,33769.86,30388.59,
TXN01143,2023-12,East,Product_A,Wholesale,594,128.56,76365.5,47945.09,28420.41,
TXN01144,2023-12,East,Product_A,Direct,669,414.07,-277015.29,189610.99,87404.3,Negative Revenue
TXN01145,2023-12,East,Product_B,Online,864,322.29,278459.98,151070.74,127389.24,
TXN01146,2023-12,East,Product_B,Retail,192,168.6,32371.26,18948.7,13422.56,
TXN01147,2023-12,East,Product_B,Wholesale,816,342.31,279327.92,139962.41,139365.51,
TXN01148,2023-12,East,Product_B,Direct,919,135.29,-124329.06,54563.95,69765.11,Negative Revenue
TXN01149,2023-12,East,Product_C,Online,785,81.83,64239.08,27408.65,36830.43,
TXN01150,2023-12,East,Product_C,Retail,972,167.58,162889.72,113232.3,49657.42,
TXN01151,2023-12,East,Product_C,Wholesale,819,347.25,284396.87,119158.23,165238.64,
TXN01152,2023-12,East,Product_C,Direct,426,225.04,95866.71,66976.63,28890.08,
TXN01153,2023-12,East,Product_D,Online,523,131.9,68981.84,34567.94,34413.9,
TXN01154,2023-12,East,Product_D,Retail,698,390.8,272780.83,164794.16,107986.67,
TXN01155,2023-12,East,Product_D,Wholesale,923,127.19,117392.79,79263.25,38129.54,
TXN01156,2023-12,East,Product_D,Direct,643,403.66,259553.55,171813.43,87740.12,
TXN01157,2023-12,East,Product_E,Online,255,149.95,38236.94,23968.57,14268.37,
TXN01158,2023-12,East,Product_E,Retail,552,155.03,85577.07,37833.22,47743.85,
TXN01159,2023-12,East,Product_E,Wholesale,784,67.29,52755.52,34951.12,17804.4,
TXN01160,2023-12,East,Product_E,Direct,514,155.43,79890.34,40217.3,39673.04,
TXN01161,2023-12,West,Product_A,Online,343,307.5,105471.54,69562.94,35908.6,
TXN01162,2023-12,West,Product_A,Retail,304,431.68,131231.34,77397.56,53833.78,
TXN01163,2023-12,West,Product_A,Wholesale,245,429.42,105207.01,64592.3,40614.71,
TXN01164,2023-12,West,Product_A,Direct,977,142.38,139103.95,68519.68,70584.27,
TXN01165,2023-12,West,Product_B,Online,338,376.73,127336.1,51337.63,75998.47,
TXN01166,2023-12,West,Product_B,Retail,125,257.23,32153.74,21786.4,10367.34,
TXN01167,2023-12,West,Product_B,Wholesale,981,177.92,174542.43,93014.92,81527.51,
TXN01168,2023-12,West,Product_B,Direct,124,179.81,22296.95,13579.61,8717.34,
TXN01169,2023-12,West,Product_C,Online,383,350.19,134122.7,90292.99,43829.71,
TXN01170,2023-12,West,Product_C,Retail,701,346.98,-243232.91,101837.24,141395.67,Negative Revenue
TXN01171,2023-12,West,Product_C,Wholesale,862,359.05,309502.03,159922.03,149580.0,
TXN01172,2023-12,West,Product_C,Direct,506,387.46,196052.87,119168.42,76884.45,
TXN01173,2023-12,West,Product_D,Online,195,175.04,34132.92,14998.14,19134.78,
TXN01174,2023-12,West,Product_D,Retail,888,349.05,309956.79,154353.7,155603.09,
TXN01175,2023-12,West,Product_D,Wholesale,277,355.19,98388.93,50108.96,48279.97,
TXN01176,2023-12,West,Product_D,Direct,661,327.15,216247.71,133956.78,82290.93,
TXN01177,2023-12,West,Product_E,Online,912,326.71,297963.91,185196.54,112767.37,
TXN01178,2023-12,West,Product_E,Retail,162,198.51,32158.94,21470.89,10688.05,
TXN01179,2023-12,West,Product_E,Wholesale,649,384.41,249484.93,149168.14,100316.79,
TXN01180,2023-12,West,Product_E,Direct,878,263.13,2310283.5999999996,133372.43,97655.93,Revenue Spike
TXN01181,2023-12,Central,Product_A,Online,166,495.36,82229.28,38025.6,44203.68,
TXN01182,2023-12,Central,Product_A,Retail,976,180.88,176537.47,103296.57,73240.9,
TXN01183,2023-12,Central,Product_A,Wholesale,431,70.52,30394.18,14056.75,16337.43,
TXN01184,2023-12,Central,Product_A,Direct,1000,321.52,321516.51,194139.58,127376.93,
TXN01185,2023-12,Central,Product_B,Online,596,165.6,98697.29,68403.43,30293.86,
TXN01186,2023-12,Central,Product_B,Retail,677,170.97,115745.06,74134.29,41610.77,
TXN01187,2023-12,Central,Product_B,Wholesale,698,466.78,325809.27,195446.24,130363.03,
TXN01188,2023-12,Central,Product_B,Direct,710,443.22,0.0,160388.36,154298.18,Zero Revenue
TXN01189,2023-12,Central,Product_C,Online,508,91.38,46422.19,20722.8,25699.39,
TXN01190,2023-12,Central,Product_C,Retail,539,69.77,37607.87,21937.31,15670.56,
TXN01191,2023-12,Central,Product_C,Wholesale,270,110.59,29860.36,12540.17,17320.19,
TXN01192,2023-12,Central,Product_C,Direct,135,228.9,30901.4,14909.79,15991.61,
TXN01193,2023-12,Central,Product_D,Online,480,77.43,37167.56,17577.78,19589.78,
TXN01194,2023-12,Central,Product_D,Retail,999,196.37,196174.86,133240.06,62934.8,
TXN01195,2023-12,Central,Product_D,Wholesale,868,475.54,412765.23,281338.8,131426.43,
TXN01196,2023-12,Central,Product_D,Direct,298,91.82,27361.62,14002.09,13359.53,
TXN01197,2023-12,Central,Product_E,Online,911,393.75,358706.6,173016.26,185690.34,
TXN01198,2023-12,Central,Product_E,Retail,343,129.8,44522.61,19424.26,25098.35,
TXN01199,2023-12,Central,Product_E,Wholesale,607,377.77,229305.62,150371.39,78934.23,
TXN01200,2023-12,Central,Product_E,Direct,102,371.84,37928.17,23432.94,14495.23,
